brandName,genericName,NDC,dosage,expDate,supID,purchasePrice,sellPrice,batchID
Calpol,paracetamol,79690,5,07/26,84,148.41,192.23,B269639
Monocef-O,cefixime,94947,50,08/27,87,96.95,114.94,B275575
Deriphyllin,etofylline + theophylline,46954,50,08/28,1,112.01,129.52,B284810
Istamet,sitagliptin + metformin,81098,10,11/28,75,61.86,72.77,B287868
Monocef-O,cefixime,47767,20,08/26,23,167.9,193.75,B267216
Nise,nimesulide,21603,5,11/28,98,128.52,159.58,B289977
Clavam,amoxicillin + clavulanic acid,59886,20,04/26,58,194.45,257.39,B269850
Ondem,ondansetron,15208,20,09/26,9,10.01,12.26,B264616
Clavam,amoxicillin + clavulanic acid,46549,20,07/27,7,168.49,207.81,B276640
Domstal,domperidone,49245,75,04/28,51,33.47,39.06,B288538
HCQs,hydroxychloroquine,66560,100,09/27,4,191.04,226.92,B279477
Crocin,paracetamol,48153,20,03/27,59,57.06,68.54,B275805
Oflox,ofloxacin,95846,25,08/26,19,34.11,44.71,B269608
Atorva,atorvastatin,84584,75,04/26,53,43.38,57.34,B261406
Omez,omeprazole,88036,10,10/26,90,17.71,21.11,B267987
Clavam,amoxicillin + clavulanic acid,56813,100,09/27,63,54.71,65.83,B275343
Pan,pantoprazole,98877,100,12/27,32,174.01,207.05,B276457
Foracort,formoterol + budesonide,19421,25,01/28,19,118.0,150.05,B284366
Aztor,atorvastatin,86621,10,04/26,89,101.18,136.03,B268862
Istamet,sitagliptin + metformin,78825,25,11/27,93,167.73,210.15,B273343
Nise,nimesulide,22621,10,08/27,45,71.2,85.77,B278040
HCQs,hydroxychloroquine,23975,50,06/26,24,111.33,149.8,B264745
Eltroxin,levothyroxine,70277,20,02/28,39,152.92,197.45,B285267
Calpol,paracetamol,84397,100,08/27,54,26.27,34.62,B272960
Omez,omeprazole,90336,20,07/28,90,156.32,197.54,B287212
Mesacol,mesalamine,59406,100,10/28,76,195.74,240.28,B285872
Levolin,levalbuterol,36423,25,06/27,7,198.5,235.16,B271024
Mesacol,mesalamine,42609,10,05/27,62,7.45,8.98,B272541
HCQs,hydroxychloroquine,99257,100,10/28,46,17.71,22.11,B281499
Januvia,sitagliptin,56517,25,08/26,52,15.85,21.02,B261895
Nise,nimesulide,61508,100,07/28,99,8.64,11.33,B289565
Monocef-O,cefixime,35729,25,02/28,12,37.46,44.97,B289737
Taxim-O,cefixime,36875,75,04/27,90,35.96,46.13,B271755
Foracort,formoterol + budesonide,35614,20,05/28,71,199.53,247.83,B286710
Limcee,vitamin C,83397,10,07/27,58,78.64,104.48,B276648
Seroflo,salmeterol + fluticasone,68272,25,06/28,45,65.85,81.27,B287099
Seroflo,salmeterol + fluticasone,36230,20,12/26,72,89.6,109.85,B262476
Cetcip,cetirizine,82563,20,05/28,46,138.15,178.35,B284261
Calpol Plus,paracetamol + ibuprofen,11497,50,10/28,1,145.8,177.49,B282527
Crocin,paracetamol,67692,75,12/26,100,130.17,170.46,B267250
Clavam,amoxicillin + clavulanic acid,51043,5,06/28,45,18.91,21.92,B284354
Januvia,sitagliptin,11303,5,12/26,16,147.31,182.53,B266894
Amaryl,glimepiride,92224,5,11/26,3,29.65,38.46,B261531
Allegra,fexofenadine,63523,25,03/27,48,118.76,147.36,B273369
Nise,nimesulide,56232,25,05/28,12,46.91,55.17,B282838
Augmentin,amoxicillin + clavulanic acid,62386,50,09/28,5,109.54,134.4,B289908
Aztor,atorvastatin,85121,50,08/27,74,66.86,79.68,B276166
Shelcal,calcium + vitamin D3,98168,10,07/27,61,162.42,188.44,B272696
Calcimax,calcium + vitamin D3,32296,50,09/27,61,178.03,216.89,B274272
Telma,telmisartan,52471,75,11/28,45,132.2,155.06,B289142
Meftal,mefenamic acid,90991,20,02/27,16,46.95,63.31,B275074
Istamet,sitagliptin + metformin,11891,10,04/26,77,128.47,148.54,B263138
Oflox,ofloxacin,13217,100,01/29,46,6.22,7.55,B292020
Istamet,sitagliptin + metformin,99920,20,12/27,26,41.85,50.52,B277005
Pantocid,pantoprazole,31918,75,07/27,19,8.07,9.95,B273667
Glycomet,metformin,65099,5,05/26,75,101.2,129.48,B266201
Glycomet,metformin,71133,50,07/27,6,53.51,69.85,B274037
Atorva,atorvastatin,62720,50,03/27,63,19.19,23.13,B271662
Istamet,sitagliptin + metformin,25125,10,09/28,69,2.32,2.91,B281532
Allegra,fexofenadine,28344,5,06/28,48,50.19,67.54,B283214
Omez,omeprazole,71560,5,01/28,74,125.51,165.18,B282174
Telma,telmisartan,82584,50,04/27,35,128.02,171.74,B271223
Pantocid,pantoprazole,74659,20,02/28,18,115.79,140.07,B285409
Lipitor,atorvastatin,88790,75,07/26,70,114.17,149.79,B262267
Foracort,formoterol + budesonide,80278,50,04/26,30,175.57,231.96,B261734
Monocef-O,cefixime,22543,20,12/28,96,35.71,45.65,B281330
Ecosprin,aspirin,15583,50,05/28,75,87.61,113.19,B289456
Allegra,fexofenadine,70821,10,06/27,68,42.31,54.72,B273112
Omez,omeprazole,40496,5,07/28,31,44.27,54.25,B288723
Deriphyllin,etofylline + theophylline,54317,20,09/26,39,110.88,148.65,B269092
HCQs,hydroxychloroquine,91684,75,08/27,15,163.37,207.69,B277242
Atorva,atorvastatin,86976,75,02/27,35,56.41,66.7,B273424
Thyronorm,levothyroxine,46529,20,06/26,84,67.42,86.77,B263516
Atorva,atorvastatin,50705,5,05/27,87,141.99,175.57,B277047
HCQs,hydroxychloroquine,74712,25,08/28,10,2.95,3.59,B282046
Crocin,paracetamol,51605,20,08/28,56,161.62,195.62,B288088
Evion 400,vitamin E,86818,100,09/27,34,53.4,67.09,B277410
Glycomet,metformin,16165,100,12/28,49,111.45,150.24,B288328
Evion 400,vitamin E,61851,25,07/26,88,142.3,166.81,B265502
Nise,nimesulide,95329,5,04/26,16,78.73,96.81,B267303
Azithral,azithromycin,21671,100,01/27,98,57.7,74.01,B274161
Amaryl,glimepiride,53074,20,11/28,54,80.9,98.97,B287771
Cifran,ciprofloxacin,30881,100,10/28,49,95.27,118.15,B282830
Monocef-O,cefixime,31439,75,10/26,93,105.75,129.31,B267850
Meftal,mefenamic acid,48273,25,01/29,66,102.59,136.96,B295375
Seroflo,salmeterol + fluticasone,51895,10,12/26,92,25.19,31.97,B265853
Calpol,paracetamol,42328,50,06/27,70,190.95,223.38,B275402
Levolin,levalbuterol,31517,10,11/26,24,9.13,11.3,B262658
Limcee,vitamin C,13644,100,04/27,42,124.45,160.88,B272813
Combiflam,paracetamol + ibuprofen,87669,10,09/26,34,111.42,133.75,B265993
Foracort,formoterol + budesonide,32679,20,09/28,94,63.01,79.86,B283870
Ecosprin,aspirin,72348,25,11/26,98,15.26,18.6,B268277
Cetcip,cetirizine,61722,20,06/26,83,169.04,219.52,B268397
Zerodol,aceclofenac,60092,25,04/27,10,23.74,27.77,B273921
Domstal,domperidone,98818,5,11/26,67,170.56,202.79,B267708
Combiflam,paracetamol + ibuprofen,14141,25,09/28,45,8.12,10.13,B283067
Azithral,azithromycin,95956,20,09/26,97,9.79,11.88,B267822
Pantocid,pantoprazole,54694,20,04/27,32,11.29,14.62,B271550
Levolin,levalbuterol,36396,50,01/27,65,33.87,39.58,B273302
Amlong,amlodipine,58666,5,02/28,100,21.48,27.61,B287434
Augmentin,amoxicillin + clavulanic acid,83540,25,06/26,75,62.11,73.77,B262516
Pan,pantoprazole,72275,20,11/28,47,6.62,7.68,B282236
Pan,pantoprazole,50841,20,11/27,77,15.65,19.38,B271077
Pan,pantoprazole,22432,100,05/27,13,63.08,76.68,B273998
Dolo 650,paracetamol,78789,25,12/26,83,75.14,97.89,B269635
Thyronorm,levothyroxine,67248,50,11/26,2,38.24,45.73,B267988
Pan,pantoprazole,57509,50,04/26,28,22.03,28.55,B265208
Evion 400,vitamin E,56414,5,01/29,11,70.16,84.49,B295519
Clavam,amoxicillin + clavulanic acid,36405,75,06/26,84,18.04,23.38,B265211
Glycomet,metformin,45601,5,06/26,95,105.12,126.78,B262173
Lipitor,atorvastatin,79655,50,10/28,11,163.51,208.88,B287048
Calpol Plus,paracetamol + ibuprofen,79325,20,02/27,33,115.73,140.05,B275098
Calpol,paracetamol,90199,100,10/28,15,75.04,93.06,B282438
Pan,pantoprazole,60050,50,08/28,38,11.53,15.46,B289713
Cetcip,cetirizine,20618,50,02/27,37,78.06,91.63,B275506
Eltroxin,levothyroxine,67513,100,09/28,94,55.23,67.49,B286261
Dolokind,aceclofenac + paracetamol,22059,75,08/27,44,131.49,168.71,B273332
Telma,telmisartan,91120,10,06/27,97,172.52,215.95,B274578
Rabium,rabeprazole,90728,50,04/26,6,35.98,48.2,B266454
Aztor,atorvastatin,27193,20,10/27,59,187.21,247.08,B275561
Meftal,mefenamic acid,44884,50,12/26,55,105.03,128.5,B264732
Azithral,azithromycin,21551,50,03/27,8,129.61,162.62,B279488
Eltroxin,levothyroxine,27197,20,12/27,8,59.77,77.79,B275645
Mesacol,mesalamine,77123,10,01/29,45,141.09,177.09,B294894
Eltroxin,levothyroxine,47429,20,09/26,49,64.69,86.2,B269625
Dolokind,aceclofenac + paracetamol,51900,5,02/29,44,106.88,134.78,B295797
Monocef-O,cefixime,26503,5,01/28,5,143.48,179.2,B289685
Amaryl,glimepiride,77137,5,02/28,96,108.74,130.26,B282326
Lipitor,atorvastatin,62875,25,06/26,68,41.05,47.35,B262602
Combiflam,paracetamol + ibuprofen,33574,25,09/26,95,119.7,138.16,B262630
Amaryl,glimepiride,35031,50,05/26,38,72.78,83.84,B263898
Atorva,atorvastatin,27548,10,12/27,73,180.41,235.91,B272196
Taxim-O,cefixime,72237,100,01/28,67,89.29,108.3,B288724
Monocef-O,cefixime,91371,75,05/27,19,67.11,88.2,B275049
Istamet,sitagliptin + metformin,36462,50,03/27,55,141.26,187.72,B273847
Januvia,sitagliptin,73368,20,10/27,2,19.55,23.51,B276652
Combiflam,paracetamol + ibuprofen,65733,5,12/26,32,139.3,179.56,B262966
Calcimax,calcium + vitamin D3,82611,10,10/26,96,38.5,47.42,B269963
Cifran,ciprofloxacin,47867,25,12/27,100,113.72,151.39,B279187
Aztor,atorvastatin,89195,5,02/29,44,35.78,45.32,B295599
Aztor,atorvastatin,63414,100,05/28,6,36.75,43.6,B283184
Augmentin,amoxicillin + clavulanic acid,98827,20,06/27,95,105.19,123.78,B276732
Meftal,mefenamic acid,54281,50,10/28,88,186.25,243.21,B284560
Cifran,ciprofloxacin,40149,25,02/28,12,22.59,28.93,B285051
Azithral,azithromycin,37532,10,04/26,14,163.55,195.61,B263592
Aztor,atorvastatin,66675,75,09/27,17,129.07,157.22,B272532
Mesacol,mesalamine,49895,5,04/26,14,34.09,41.96,B267658
Domstal,domperidone,38414,20,06/27,100,98.06,131.69,B278643
Cifran,ciprofloxacin,77557,50,10/27,85,36.94,44.05,B276391
Clopitab,clopidogrel,94494,50,02/29,58,119.5,143.34,B298482
Seroflo,salmeterol + fluticasone,79326,50,10/27,21,124.01,151.67,B279563
Pantocid,pantoprazole,13684,25,10/26,53,21.56,26.65,B269298
Januvia,sitagliptin,91308,5,05/26,74,34.59,46.03,B268735
Calpol Plus,paracetamol + ibuprofen,76953,75,08/27,4,51.4,59.23,B274586
Augmentin,amoxicillin + clavulanic acid,88278,20,04/27,92,44.76,59.11,B274088
Calpol Plus,paracetamol + ibuprofen,94958,75,10/27,48,156.22,205.24,B277937
Dolo 650,paracetamol,34882,5,06/27,94,192.76,260.05,B271897
HCQs,hydroxychloroquine,70021,10,05/28,75,144.32,181.87,B286173
Zerodol,aceclofenac,52858,75,10/27,60,47.78,56.85,B275305
Ondem,ondansetron,92412,100,07/26,88,199.57,255.81,B264210
Calcimax,calcium + vitamin D3,43808,20,06/27,65,106.16,140.84,B278350
Taxim-O,cefixime,69199,50,01/29,64,27.29,35.75,B298227
Clopitab,clopidogrel,33909,75,08/26,91,162.98,196.1,B264622
Telma,telmisartan,79422,20,01/28,55,49.27,57.13,B288634
Ondem,ondansetron,40117,100,04/27,38,71.02,95.34,B278637
Mesacol,mesalamine,36135,75,09/28,84,47.47,56.3,B282426
Deriphyllin,etofylline + theophylline,43417,20,09/28,82,135.94,182.83,B281139
Dolo 650,paracetamol,64748,50,08/27,20,130.77,152.31,B275902
Seroflo,salmeterol + fluticasone,35252,20,12/27,97,123.4,144.15,B276602
Shelcal,calcium + vitamin D3,77603,100,04/28,64,88.82,114.3,B286022
Augmentin,amoxicillin + clavulanic acid,21499,25,06/27,78,90.42,117.32,B273932
Evion 400,vitamin E,56321,5,01/27,83,3.31,3.86,B274911
Clopitab,clopidogrel,78479,25,07/27,46,89.9,103.99,B279822
Dolo 650,paracetamol,84141,50,07/26,68,71.0,91.73,B264603
Calpol,paracetamol,18901,50,11/27,23,174.23,230.81,B275040
Meftal,mefenamic acid,35808,20,11/27,32,127.73,172.18,B272432
Nise,nimesulide,44909,25,12/26,5,179.13,225.12,B265655
Ondem,ondansetron,83786,50,05/26,49,6.86,9.23,B263821
Combiflam,paracetamol + ibuprofen,43409,75,12/26,2,13.09,15.47,B265853
Istamet,sitagliptin + metformin,24454,5,06/28,6,164.26,201.32,B282559
Omez,omeprazole,25481,50,03/27,58,167.62,201.28,B278692
Clavam,amoxicillin + clavulanic acid,52682,10,06/28,20,195.71,261.86,B285423
Rabium,rabeprazole,26199,10,01/28,58,166.65,203.3,B282144
Wysolone,prednisolone,30412,20,05/28,13,99.29,129.84,B286885
Atorva,atorvastatin,44178,20,09/27,87,89.28,116.16,B274802
Foracort,formoterol + budesonide,97684,25,11/27,72,43.72,56.73,B277998
Rabium,rabeprazole,12109,100,11/26,73,71.03,89.74,B261005
Azithral,azithromycin,60743,20,10/28,54,16.22,19.75,B285143
Combiflam,paracetamol + ibuprofen,85481,25,02/28,13,158.79,214.25,B287639
Cifran,ciprofloxacin,80619,5,02/27,70,97.29,120.76,B273875
Pantocid,pantoprazole,91388,25,10/28,91,53.65,69.41,B287413
Atorva,atorvastatin,10309,100,12/27,44,157.37,190.65,B277274
Cifran,ciprofloxacin,91915,75,10/27,72,105.28,129.56,B275095
Evion 400,vitamin E,94400,75,08/26,84,53.91,63.99,B264510
Calpol,paracetamol,16250,25,10/28,45,1.65,2.11,B289977
Allegra,fexofenadine,63568,25,01/29,28,141.08,173.35,B293731
Augmentin,amoxicillin + clavulanic acid,36254,100,10/26,98,90.25,110.7,B267162
Ondem,ondansetron,60789,20,09/28,70,68.96,84.75,B283007
Limcee,vitamin C,89518,75,01/28,15,166.63,196.24,B288216
Azithral,azithromycin,58042,10,02/29,89,150.47,174.67,B294258
Clavam,amoxicillin + clavulanic acid,45091,50,02/27,92,150.13,194.09,B279976
Nise,nimesulide,78762,75,05/26,12,116.89,155.62,B265113
Deriphyllin,etofylline + theophylline,92986,5,08/28,49,130.75,169.16,B288823
Zithromax,azithromycin,56522,25,11/26,2,88.35,109.83,B262057
Rabium,rabeprazole,81437,5,01/28,66,167.77,212.48,B283380
Dolokind,aceclofenac + paracetamol,94634,5,12/27,2,90.06,108.07,B273397
Zerodol,aceclofenac,76962,25,04/27,35,111.0,129.45,B279994
Aztor,atorvastatin,94997,100,10/26,91,29.94,40.22,B265584
Rabium,rabeprazole,85747,20,02/28,79,127.91,159.75,B283536
Foracort,formoterol + budesonide,35126,100,03/27,49,31.76,41.64,B278772
Azithral,azithromycin,26729,75,12/28,34,13.5,16.68,B285748
Cetcip,cetirizine,26155,50,09/27,26,89.07,103.3,B272479
Wysolone,prednisolone,88941,20,05/27,28,189.23,244.35,B274982
Calpol,paracetamol,48748,10,06/28,40,141.57,168.87,B281949
Ecosprin,aspirin,53633,25,01/28,45,11.88,15.46,B282937
Januvia,sitagliptin,46805,5,10/28,92,12.33,16.08,B287957
Amlong,amlodipine,54879,25,07/27,3,109.47,133.57,B276621
Istamet,sitagliptin + metformin,10729,20,03/28,72,68.62,90.52,B287979
Calcimax,calcium + vitamin D3,59711,75,08/26,7,140.93,180.05,B263637
Mesacol,mesalamine,30944,5,09/27,64,93.17,124.58,B275687
Eltroxin,levothyroxine,93970,25,12/28,75,56.55,74.85,B284353
Domstal,domperidone,38856,75,02/28,22,22.37,25.91,B283325
Crocin,paracetamol,90642,75,02/29,89,95.71,116.48,B296753
Limcee,vitamin C,28273,75,05/28,94,131.4,176.62,B284139
Dolo 650,paracetamol,57592,25,09/28,3,127.55,146.75,B288974
Combiflam,paracetamol + ibuprofen,29500,75,11/27,50,26.56,31.69,B275290
Augmentin,amoxicillin + clavulanic acid,68225,20,05/27,25,48.37,57.87,B271746
Azithral,azithromycin,93502,100,02/28,51,84.11,109.29,B284589
Meftal,mefenamic acid,52871,25,07/27,51,121.9,154.95,B274151
HCQs,hydroxychloroquine,27986,50,05/26,7,99.2,120.15,B267662
Rabium,rabeprazole,11379,5,12/26,48,79.65,103.06,B261883
Seroflo,salmeterol + fluticasone,19628,10,12/26,65,97.97,117.82,B261679
Calpol,paracetamol,67484,25,11/26,38,17.83,21.36,B266195
Allegra,fexofenadine,89969,100,08/28,61,64.36,75.29,B289832
Shelcal,calcium + vitamin D3,48318,50,11/27,90,78.97,102.84,B274741
Foracort,formoterol + budesonide,79772,50,01/29,76,66.52,88.97,B296995
Allegra,fexofenadine,54647,50,03/28,71,58.35,78.27,B286238
Domstal,domperidone,55659,5,11/27,42,178.94,206.67,B272093
Limcee,vitamin C,90023,100,10/28,25,2.18,2.74,B286525
Ondem,ondansetron,63397,75,05/26,62,144.22,171.53,B266314
Dolo 650,paracetamol,39521,5,08/28,31,13.79,16.88,B285512
Calpol Plus,paracetamol + ibuprofen,35486,10,12/26,82,92.76,124.19,B268241
Limcee,vitamin C,86589,75,12/26,13,4.78,5.77,B266978
Dolokind,aceclofenac + paracetamol,21750,100,01/29,55,154.04,191.06,B296739
Ondem,ondansetron,61387,10,12/28,3,14.17,18.19,B286906
Azithral,azithromycin,20374,25,05/28,83,58.25,74.41,B289302
Wysolone,prednisolone,63942,20,04/27,86,7.0,9.03,B272459
Calpol,paracetamol,76120,20,05/27,97,96.04,113.7,B278264
Omez,omeprazole,45362,75,12/27,37,44.71,56.26,B276479
Shelcal,calcium + vitamin D3,44344,100,04/28,3,78.69,100.85,B284725
Eltroxin,levothyroxine,95407,75,07/28,89,79.02,93.38,B285883
Meftal,mefenamic acid,50254,100,04/28,2,147.86,196.05,B286400
Eltroxin,levothyroxine,72350,25,03/28,90,191.72,249.25,B289964
Foracort,formoterol + budesonide,16983,20,11/27,98,122.73,149.82,B271430
Crocin,paracetamol,59130,50,10/28,64,12.89,16.49,B285921
Lipitor,atorvastatin,16727,25,09/26,76,18.74,23.58,B265988
Omez,omeprazole,56275,50,02/27,38,112.32,150.66,B278989
Rabium,rabeprazole,29078,75,05/26,15,26.82,31.78,B266627
Gluconorm,metformin,29448,100,06/26,11,77.58,95.71,B268095
Augmentin,amoxicillin + clavulanic acid,96987,75,10/26,15,73.52,88.31,B262456
Deriphyllin,etofylline + theophylline,84060,10,02/29,96,12.75,15.4,B297922
Monocef-O,cefixime,71543,25,05/27,91,43.59,51.27,B277660
Atorva,atorvastatin,35778,50,02/27,52,23.28,31.13,B276315
Cifran,ciprofloxacin,11191,100,01/28,36,143.94,179.64,B287817
Pantocid,pantoprazole,39471,5,10/27,53,141.63,176.26,B273380
Clavam,amoxicillin + clavulanic acid,33442,25,05/26,44,112.42,144.21,B264935
Mesacol,mesalamine,26037,5,01/28,77,118.78,144.8,B285841
Telma,telmisartan,13495,20,08/27,35,65.76,85.43,B272848
Levolin,levalbuterol,23844,25,07/28,4,64.16,74.4,B282202
Domstal,domperidone,51936,10,10/26,82,4.26,5.58,B269776
Azithral,azithromycin,85637,5,04/28,35,142.35,181.81,B288332
Meftal,mefenamic acid,22655,25,04/28,20,116.89,150.61,B283831
Amlong,amlodipine,81405,10,11/26,75,36.78,48.37,B266847
Betnesol,betamethasone,58950,20,02/28,38,120.42,155.03,B287064
Combiflam,paracetamol + ibuprofen,49826,75,07/27,84,35.71,47.62,B272765
Clopitab,clopidogrel,55495,5,04/27,15,140.1,187.13,B271533
Glycomet,metformin,44522,10,12/27,96,26.4,34.6,B274474
Calpol Plus,paracetamol + ibuprofen,87206,25,09/27,31,149.52,193.78,B279727
Dolokind,aceclofenac + paracetamol,27631,25,11/27,64,28.04,36.05,B271866
Crocin,paracetamol,46465,50,05/28,100,23.35,27.67,B287933
Domstal,domperidone,45248,25,07/28,85,66.0,86.58,B285631
Taxim-O,cefixime,61560,50,09/27,100,53.77,69.0,B274467
Omez,omeprazole,28644,10,06/27,66,97.22,127.72,B272545
Nise,nimesulide,77907,5,04/27,20,161.78,195.94,B272733
Monocef-O,cefixime,69272,50,02/28,37,149.5,190.01,B284776
Pantocid,pantoprazole,92813,75,12/26,20,201.32,243.64,B269286
Augmentin,amoxicillin + clavulanic acid,99151,100,02/27,91,23.61,27.22,B272241
Telma,telmisartan,54221,75,05/26,76,10.62,12.92,B262596
Allegra,fexofenadine,43061,10,02/28,96,60.44,77.01,B282501
Meftal,mefenamic acid,54646,5,03/27,58,139.19,174.38,B274662
Zerodol,aceclofenac,76181,10,05/26,80,116.07,138.1,B269376
Cifran,ciprofloxacin,30681,100,05/28,88,71.96,93.28,B285243
Crocin,paracetamol,32110,20,11/27,8,119.09,147.94,B279362
Omez,omeprazole,81239,50,09/26,100,25.78,32.24,B266718
Crocin,paracetamol,71871,10,01/29,50,54.73,71.36,B297339
Clavam,amoxicillin + clavulanic acid,58912,25,03/28,87,73.52,86.62,B283662
Pantocid,pantoprazole,95190,100,11/27,22,41.03,47.87,B276410
Aztor,atorvastatin,70599,75,08/26,4,49.25,57.84,B264173
Januvia,sitagliptin,35749,20,05/28,89,129.2,155.53,B283285
Evion 400,vitamin E,60697,5,06/26,54,162.96,197.18,B265284
Omez,omeprazole,84822,50,11/26,35,50.85,65.07,B263062
Amaryl,glimepiride,70130,5,01/28,31,138.05,179.46,B283541
Ecosprin,aspirin,49037,50,04/27,29,44.67,51.54,B275629
Evion 400,vitamin E,92274,75,04/28,4,87.91,109.23,B287243
Telma,telmisartan,99719,20,01/27,88,151.77,199.78,B278764
Istamet,sitagliptin + metformin,54079,25,01/28,66,35.02,46.28,B285109
Levolin,levalbuterol,58083,10,07/26,66,123.68,166.33,B261836
Foracort,formoterol + budesonide,93773,50,11/27,6,106.38,131.38,B276930
Mesacol,mesalamine,42959,10,12/28,69,87.63,116.37,B281575
Taxim-O,cefixime,21772,25,04/27,25,133.56,166.54,B272814
Januvia,sitagliptin,24987,5,08/27,39,156.99,199.96,B273537
Taxim-O,cefixime,77906,25,03/27,47,162.39,198.51,B275185
Calcimax,calcium + vitamin D3,71129,20,08/28,33,65.39,75.96,B289696
Zithromax,azithromycin,19647,25,08/26,46,92.53,113.89,B267828
Wysolone,prednisolone,12624,10,04/28,95,83.36,107.02,B281544
Dolokind,aceclofenac + paracetamol,57894,50,09/27,37,157.94,183.96,B276881
Mesacol,mesalamine,46906,75,02/29,6,184.25,220.42,B295072
Omez,omeprazole,46149,75,02/29,75,192.4,259.59,B297668
Zithromax,azithromycin,79619,100,04/28,1,69.86,83.71,B289557
Cetcip,cetirizine,31469,10,11/28,63,84.49,113.38,B287255
Domstal,domperidone,35127,100,12/26,59,75.89,97.71,B264012
Cifran,ciprofloxacin,79362,25,01/27,98,65.83,88.63,B273581
Monocef-O,cefixime,39090,5,12/26,78,127.34,146.74,B262457
Deriphyllin,etofylline + theophylline,17912,75,05/26,78,59.99,79.77,B264988
Azithral,azithromycin,79041,5,05/27,29,63.44,80.22,B276365
Januvia,sitagliptin,36237,20,10/26,11,83.56,97.46,B267144
Cetcip,cetirizine,47154,50,09/28,55,110.72,139.29,B289357
Clavam,amoxicillin + clavulanic acid,96197,10,08/27,35,97.52,128.31,B277578
HCQs,hydroxychloroquine,51015,5,07/27,39,26.51,32.34,B271715
Mesacol,mesalamine,23600,25,08/26,68,21.27,24.7,B264490
Lipitor,atorvastatin,19267,10,05/28,56,146.83,172.05,B283848
Dolo 650,paracetamol,70086,25,10/28,22,201.64,241.81,B281741
Zithromax,azithromycin,19949,10,10/26,17,132.79,153.61,B266214
Combiflam,paracetamol + ibuprofen,19300,10,05/26,4,29.63,39.76,B269006
Amaryl,glimepiride,48249,25,05/28,71,41.94,51.28,B289259
Rabium,rabeprazole,89384,50,04/26,16,55.43,67.37,B268820
Januvia,sitagliptin,76587,10,12/28,35,64.74,76.93,B286592
Azithral,azithromycin,87694,50,01/28,40,21.5,27.72,B289184
Calcimax,calcium + vitamin D3,11457,75,08/26,4,92.39,123.53,B268179
Crocin,paracetamol,82502,100,04/28,35,152.36,184.57,B286945
Crocin,paracetamol,73153,10,08/28,94,48.98,62.29,B289180
Dolo 650,paracetamol,86339,10,07/26,50,10.22,13.07,B261309
Wysolone,prednisolone,91307,10,05/26,27,169.34,210.2,B265434
Mesacol,mesalamine,64535,20,06/28,70,150.29,182.47,B281490
Pan,pantoprazole,70672,75,04/28,96,118.59,142.75,B288615
Shelcal,calcium + vitamin D3,44220,20,06/28,68,11.24,14.75,B281453
Calpol,paracetamol,68574,75,07/28,26,162.98,198.18,B289595
Aztor,atorvastatin,12485,5,09/27,65,172.86,232.07,B279260
HCQs,hydroxychloroquine,14693,50,02/28,34,85.25,99.83,B287318
Glycomet,metformin,15715,75,05/28,60,69.07,80.77,B281429
Seroflo,salmeterol + fluticasone,60260,50,04/26,29,152.86,200.64,B262760
Thyronorm,levothyroxine,53949,25,11/27,45,39.33,52.25,B271543
Wysolone,prednisolone,66974,20,01/29,44,92.71,108.83,B292707
Rabium,rabeprazole,50325,50,02/28,81,53.35,64.97,B289507
Cifran,ciprofloxacin,30752,100,06/27,23,131.53,152.89,B275905
Domstal,domperidone,59308,10,09/26,45,21.02,28.31,B261063
Azithral,azithromycin,96483,75,12/28,61,102.07,135.42,B289598
Ondem,ondansetron,48859,25,08/28,13,77.78,91.61,B284698
Ecosprin,aspirin,67274,25,11/28,47,159.28,197.45,B284024
Allegra,fexofenadine,82902,5,03/28,53,78.11,98.03,B286868
Omez,omeprazole,33900,25,01/28,40,63.61,75.39,B288414
Zithromax,azithromycin,10076,75,11/28,54,89.65,118.76,B288537
Cetcip,cetirizine,39578,75,09/26,29,138.74,183.84,B263810
Cetcip,cetirizine,94285,25,10/27,25,107.71,132.44,B274844
Calpol Plus,paracetamol + ibuprofen,45013,20,09/27,47,26.4,35.11,B276985
Zithromax,azithromycin,95714,25,10/28,43,1.42,1.67,B286048
Aztor,atorvastatin,84692,10,12/27,70,168.23,223.04,B273232
Istamet,sitagliptin + metformin,60438,10,06/27,27,38.61,47.84,B272932
Clavam,amoxicillin + clavulanic acid,67862,50,06/28,43,126.22,149.49,B288929
Ecosprin,aspirin,64264,100,10/28,4,141.2,178.05,B282671
Zerodol,aceclofenac,79448,100,02/28,8,160.37,214.9,B285218
Dolo 650,paracetamol,57336,5,07/26,19,40.71,51.65,B263937
Istamet,sitagliptin + metformin,82833,50,10/27,91,126.66,162.64,B272764
Crocin,paracetamol,66627,10,11/28,98,173.77,204.43,B286507
Monocef-O,cefixime,60870,10,12/28,24,44.43,51.76,B283285
Thyronorm,levothyroxine,72685,75,07/27,42,53.96,70.5,B274875
Limcee,vitamin C,85128,5,06/28,64,192.9,250.9,B289090
Pan,pantoprazole,25628,5,09/28,85,78.55,96.08,B285346
Cifran,ciprofloxacin,82716,100,03/27,45,13.08,15.63,B273673
Combiflam,paracetamol + ibuprofen,49205,20,12/26,16,111.94,139.42,B267669
Monocef-O,cefixime,62756,20,07/26,58,12.5,14.86,B262922
Lipitor,atorvastatin,47658,5,03/27,99,16.68,21.71,B278680
Allegra,fexofenadine,70493,25,06/28,55,32.2,39.3,B282197
Crocin,paracetamol,25369,20,03/27,2,15.34,17.71,B271649
Clavam,amoxicillin + clavulanic acid,52200,25,08/26,38,39.24,48.28,B262086
Crocin,paracetamol,61800,10,03/28,40,166.36,206.78,B283788
Pantocid,pantoprazole,27780,5,06/27,90,21.82,25.79,B277067
Combiflam,paracetamol + ibuprofen,39131,10,06/26,62,137.55,172.39,B266178
Evion 400,vitamin E,18133,25,07/28,38,136.11,179.15,B281926
Nise,nimesulide,34676,20,09/28,18,136.13,167.92,B281583
Thyronorm,levothyroxine,77160,75,08/26,86,64.03,79.86,B269353
Betnesol,betamethasone,31336,50,10/28,27,140.27,168.64,B289472
Azithral,azithromycin,87943,75,04/27,20,8.24,9.85,B279480
Dolokind,aceclofenac + paracetamol,98052,50,04/27,83,66.96,84.74,B279883
Rabium,rabeprazole,82042,100,06/28,11,92.07,122.14,B287924
Amaryl,glimepiride,43125,20,08/28,72,96.32,126.42,B282080
Shelcal,calcium + vitamin D3,64452,20,08/28,64,78.79,106.25,B284820
Cifran,ciprofloxacin,88140,10,06/26,4,141.12,163.45,B264252
Zerodol,aceclofenac,28560,50,06/27,39,23.14,30.31,B273502
Mesacol,mesalamine,18380,5,03/28,71,170.23,216.31,B282715
Calcimax,calcium + vitamin D3,69856,50,09/27,40,71.55,88.86,B272226
Calpol,paracetamol,68901,25,10/27,97,64.22,84.73,B272837
Augmentin,amoxicillin + clavulanic acid,87406,50,10/27,35,59.12,74.65,B275019
Thyronorm,levothyroxine,16437,50,11/26,48,55.78,74.69,B264003
Oflox,ofloxacin,57288,50,07/26,22,85.02,98.93,B262251
Lipitor,atorvastatin,61441,5,06/26,71,76.65,95.35,B267361
Azithral,azithromycin,28674,25,02/29,28,163.18,214.27,B297808
Ondem,ondansetron,47214,10,07/27,25,122.63,141.35,B277105
Mesacol,mesalamine,34594,100,12/27,34,175.82,233.66,B278641
Istamet,sitagliptin + metformin,40432,20,11/28,24,71.6,93.26,B284225
Ecosprin,aspirin,34143,10,11/27,49,178.33,240.53,B273374
Pan,pantoprazole,44413,20,05/27,1,13.77,17.47,B277004
Levolin,levalbuterol,29865,10,11/26,99,44.68,57.99,B269468
Monocef-O,cefixime,73547,10,09/26,97,212.62,286.09,B266319
Ecosprin,aspirin,96303,50,10/26,6,80.08,100.59,B267123
Deriphyllin,etofylline + theophylline,45212,25,12/26,72,101.62,126.61,B262201
Clavam,amoxicillin + clavulanic acid,20889,25,07/28,85,131.91,155.32,B284108
Cetcip,cetirizine,43470,25,01/29,59,43.3,52.86,B293093
Clopitab,clopidogrel,64599,75,12/26,41,68.77,85.68,B264458
Shelcal,calcium + vitamin D3,43692,75,11/26,31,117.17,149.86,B265717
Seroflo,salmeterol + fluticasone,53336,5,04/28,36,146.1,188.23,B289216
Levolin,levalbuterol,23681,10,10/27,8,95.08,117.67,B279768
Pantocid,pantoprazole,89210,10,01/27,95,172.46,207.45,B274524
Oflox,ofloxacin,98125,100,07/27,95,28.53,35.82,B276984
Allegra,fexofenadine,53987,100,01/29,60,71.01,85.04,B295535
Nise,nimesulide,79196,5,03/28,55,11.11,13.35,B288558
Januvia,sitagliptin,84615,25,11/27,12,48.75,60.85,B273030
Pantocid,pantoprazole,62530,50,10/27,7,131.05,171.16,B274103
Nise,nimesulide,64747,10,08/27,66,218.29,253.04,B275435
Zerodol,aceclofenac,25645,10,01/28,90,132.36,162.15,B287447
Wysolone,prednisolone,79055,5,10/26,44,28.12,36.81,B269004
Oflox,ofloxacin,96744,100,07/27,91,84.82,101.53,B275511
Combiflam,paracetamol + ibuprofen,20577,100,08/28,29,14.97,19.22,B287914
Seroflo,salmeterol + fluticasone,48025,5,04/27,37,42.98,50.47,B276165
Eltroxin,levothyroxine,37750,75,06/26,22,119.6,154.69,B261262
Combiflam,paracetamol + ibuprofen,14634,100,05/28,100,100.79,126.98,B286607
Meftal,mefenamic acid,84562,20,06/28,66,82.23,99.13,B283119
Foracort,formoterol + budesonide,45790,50,07/27,93,112.09,133.83,B274194
Clopitab,clopidogrel,59746,5,01/27,94,156.55,189.47,B271532
Levolin,levalbuterol,67999,25,04/27,27,126.38,151.78,B278431
Combiflam,paracetamol + ibuprofen,63435,10,12/26,80,18.44,22.49,B265318
Amaryl,glimepiride,86758,75,09/26,55,85.17,112.09,B264433
Calcimax,calcium + vitamin D3,59892,25,05/27,14,122.27,160.14,B276341
Dolo 650,paracetamol,78846,25,06/27,13,127.8,168.02,B272220
Deriphyllin,etofylline + theophylline,37822,20,06/27,29,157.28,190.63,B276230
Eltroxin,levothyroxine,52980,25,03/28,23,131.89,164.62,B286956
Calpol,paracetamol,39252,100,10/28,27,158.21,194.67,B285417
Clavam,amoxicillin + clavulanic acid,15914,100,09/28,15,30.06,37.93,B284533
Ecosprin,aspirin,19209,20,09/27,58,162.61,187.03,B279013
Cifran,ciprofloxacin,38889,5,01/28,1,90.39,110.52,B282496
Ondem,ondansetron,62575,75,01/27,99,91.84,106.61,B276499
Dolo 650,paracetamol,60014,20,06/27,11,154.74,187.5,B276817
Calcimax,calcium + vitamin D3,63133,50,02/29,90,114.59,150.66,B291677
Oflox,ofloxacin,52427,75,02/28,95,68.79,86.29,B284538
Pan,pantoprazole,21042,10,03/28,42,47.35,61.88,B287339
Pantocid,pantoprazole,67942,75,04/27,79,178.53,230.68,B272599
Azithral,azithromycin,90237,25,07/27,61,91.36,117.76,B277650
Seroflo,salmeterol + fluticasone,17588,50,03/27,68,167.06,200.42,B274935
Januvia,sitagliptin,38593,75,08/28,41,145.6,178.36,B288061
Ondem,ondansetron,33506,25,01/29,33,136.7,161.81,B295978
Dolokind,aceclofenac + paracetamol,63547,25,07/27,99,72.73,94.39,B272622
Omez,omeprazole,94288,100,08/28,98,71.51,91.71,B285305
Monocef-O,cefixime,50868,75,03/28,74,105.0,128.21,B282184
Meftal,mefenamic acid,32834,75,10/26,59,7.43,8.82,B262903
Ecosprin,aspirin,95992,50,12/26,88,8.63,9.94,B261352
Gluconorm,metformin,68599,5,08/27,70,92.43,119.44,B278666
Cetcip,cetirizine,92007,50,05/27,83,15.92,19.41,B279428
Pan,pantoprazole,60126,5,09/28,29,88.5,104.21,B285133
Amaryl,glimepiride,66301,10,05/26,97,36.2,41.97,B268185
Pan,pantoprazole,34851,10,08/28,82,37.07,47.43,B289639
Clavam,amoxicillin + clavulanic acid,67033,5,08/27,27,137.51,159.66,B276509
Cifran,ciprofloxacin,41687,75,01/28,89,73.84,85.05,B285915
Cifran,ciprofloxacin,68134,50,12/28,35,73.58,91.8,B281531
Istamet,sitagliptin + metformin,82956,20,04/26,32,54.57,72.86,B265877
Augmentin,amoxicillin + clavulanic acid,43823,10,05/28,46,27.85,34.76,B284728
Meftal,mefenamic acid,25272,100,07/27,50,187.14,250.53,B277493
Glycomet,metformin,78165,75,05/26,72,98.05,126.19,B265008
Levolin,levalbuterol,89953,100,08/27,60,143.63,188.76,B274558
Calpol,paracetamol,99251,100,06/27,12,130.27,151.5,B276675
Betnesol,betamethasone,65038,20,04/28,59,9.99,11.64,B287304
Clavam,amoxicillin + clavulanic acid,87958,10,07/27,20,11.09,14.05,B273728
Crocin,paracetamol,47901,10,04/26,49,17.32,20.12,B262164
Aztor,atorvastatin,13530,5,06/28,89,17.5,20.87,B287290
Wysolone,prednisolone,68990,10,09/28,5,12.06,15.07,B285185
Azithral,azithromycin,78069,25,09/28,36,141.16,175.01,B289087
Foracort,formoterol + budesonide,99186,20,02/27,65,69.89,82.78,B271412
Crocin,paracetamol,89456,20,11/27,2,48.98,56.63,B273943
Foracort,formoterol + budesonide,29219,75,05/26,20,107.11,133.63,B264373
Thyronorm,levothyroxine,87052,20,11/27,12,26.48,30.6,B277273
Lipitor,atorvastatin,39118,5,08/27,86,120.25,148.73,B273613
Telma,telmisartan,12448,25,08/28,4,143.69,170.83,B286681
Calpol,paracetamol,90342,10,06/28,91,10.31,13.36,B284629
Domstal,domperidone,89020,5,07/28,1,49.54,64.45,B289501
Ondem,ondansetron,26301,75,07/28,15,145.99,183.56,B286843
Foracort,formoterol + budesonide,35502,25,04/27,77,78.84,102.23,B277466
Shelcal,calcium + vitamin D3,11142,20,05/28,100,3.42,4.51,B289846
Pantocid,pantoprazole,30583,25,08/28,96,41.0,53.15,B283441
Ecosprin,aspirin,64085,100,04/27,6,15.9,20.63,B276283
Lipitor,atorvastatin,28812,10,11/27,44,134.69,168.32,B279883
Oflox,ofloxacin,12758,75,05/26,70,44.44,56.12,B266218
Glycomet,metformin,71230,50,06/26,78,167.06,193.33,B265570
Januvia,sitagliptin,32015,75,06/26,51,14.28,18.29,B261945
Shelcal,calcium + vitamin D3,33256,100,07/26,87,21.48,27.93,B264293
Allegra,fexofenadine,41684,50,08/27,26,16.35,19.17,B275022
Aztor,atorvastatin,95047,75,10/28,73,44.47,59.36,B287716
Thyronorm,levothyroxine,17002,20,03/27,88,2.54,2.99,B275996
Januvia,sitagliptin,13923,100,01/27,52,76.47,101.53,B279369
Rabium,rabeprazole,93030,20,12/27,92,108.16,136.67,B279756
Rabium,rabeprazole,69858,25,05/28,92,18.74,22.89,B282242
Zithromax,azithromycin,98293,25,06/28,69,113.96,136.56,B286588
Thyronorm,levothyroxine,16441,100,12/28,74,147.35,194.95,B283958
Mesacol,mesalamine,66293,20,08/26,54,50.43,65.08,B267265
Monocef-O,cefixime,69058,10,08/27,7,107.57,132.52,B273992
Zithromax,azithromycin,41551,25,12/28,11,189.44,224.07,B286621
Ecosprin,aspirin,46391,5,05/28,79,128.22,169.0,B288867
Clavam,amoxicillin + clavulanic acid,34067,50,07/27,5,132.76,157.52,B275189
Crocin,paracetamol,48468,10,03/27,78,2.24,2.8,B272202
Monocef-O,cefixime,48503,10,04/27,98,164.72,197.75,B271829
Amaryl,glimepiride,58227,100,05/26,82,85.47,113.5,B263737
Istamet,sitagliptin + metformin,52226,10,11/28,33,127.36,148.07,B286794
Cetcip,cetirizine,29784,10,07/27,19,49.24,61.52,B272002
Januvia,sitagliptin,33820,75,02/28,11,50.13,65.13,B284023
Limcee,vitamin C,47833,100,07/26,31,12.14,14.69,B264522
Clopitab,clopidogrel,70844,100,10/27,59,145.69,168.22,B275927
Foracort,formoterol + budesonide,21337,5,11/27,79,111.1,138.7,B277985
Shelcal,calcium + vitamin D3,61052,5,10/26,83,158.55,195.71,B265505
Evion 400,vitamin E,33473,10,05/28,6,20.24,23.57,B281736
Mesacol,mesalamine,25874,25,05/28,11,51.76,64.53,B287915
HCQs,hydroxychloroquine,38459,50,05/28,90,74.83,99.08,B282786
Calpol Plus,paracetamol + ibuprofen,29312,5,06/27,44,76.2,89.03,B271124
HCQs,hydroxychloroquine,65897,5,06/28,70,89.63,106.03,B289576
Calpol,paracetamol,12262,75,05/27,53,4.27,4.94,B272644
Shelcal,calcium + vitamin D3,40343,75,06/26,80,15.99,21.38,B267417
Shelcal,calcium + vitamin D3,74111,50,01/27,11,58.74,76.3,B278702
Eltroxin,levothyroxine,70278,100,03/27,82,31.97,42.9,B277112
Ondem,ondansetron,55714,50,11/26,11,162.66,195.91,B267794
Atorva,atorvastatin,64924,75,04/26,78,15.54,19.52,B268200
Allegra,fexofenadine,76085,25,02/28,95,16.98,19.87,B289514
Ondem,ondansetron,87251,20,09/27,22,59.35,70.67,B275552
Evion 400,vitamin E,83457,75,01/29,1,92.53,123.49,B299127
Cetcip,cetirizine,78934,75,02/29,37,165.36,209.14,B298796
Monocef-O,cefixime,70417,5,01/29,92,48.43,57.08,B293790
Telma,telmisartan,82679,5,03/27,73,123.83,165.08,B272111
Levolin,levalbuterol,59684,20,07/28,100,131.76,174.96,B288987
Clavam,amoxicillin + clavulanic acid,17775,100,05/27,51,149.97,191.87,B279636
Clavam,amoxicillin + clavulanic acid,22249,10,06/28,11,52.49,63.14,B286619
Istamet,sitagliptin + metformin,62555,25,06/28,30,180.02,209.13,B285828
Telma,telmisartan,15598,50,06/27,43,79.56,93.87,B277321
Meftal,mefenamic acid,20483,50,08/27,83,5.98,7.68,B271786
Calcimax,calcium + vitamin D3,75657,50,11/26,32,89.3,114.04,B261964
Cetcip,cetirizine,48444,50,08/26,28,163.65,196.09,B261380
Oflox,ofloxacin,73453,20,10/27,45,23.23,31.29,B271613
Taxim-O,cefixime,87142,25,08/26,17,15.89,21.07,B269757
Pan,pantoprazole,63476,20,06/28,89,159.29,206.06,B282054
Istamet,sitagliptin + metformin,35893,10,03/28,19,136.1,165.92,B283242
Cifran,ciprofloxacin,84192,5,08/26,79,4.38,5.53,B264452
Omez,omeprazole,20040,10,03/27,39,95.64,110.57,B277823
Dolokind,aceclofenac + paracetamol,71297,10,10/28,57,123.83,156.57,B284355
Pan,pantoprazole,43445,100,12/28,93,127.47,167.01,B283854
Pantocid,pantoprazole,82429,100,11/28,6,123.28,159.83,B281519
Shelcal,calcium + vitamin D3,82789,20,07/28,27,65.26,78.96,B282588
Seroflo,salmeterol + fluticasone,32972,20,11/26,88,58.89,71.49,B265774
Nise,nimesulide,63685,20,04/28,84,60.57,75.22,B289021
Cetcip,cetirizine,28773,10,02/29,20,22.17,27.51,B296631
Cetcip,cetirizine,39793,75,12/26,51,33.41,40.98,B261388
Telma,telmisartan,26647,75,12/27,94,106.3,139.81,B273372
Oflox,ofloxacin,11446,50,04/28,22,1.04,1.21,B283624
Omez,omeprazole,66612,10,06/28,100,148.42,192.99,B285684
Aztor,atorvastatin,35748,10,04/26,80,113.34,132.45,B263842
Calpol Plus,paracetamol + ibuprofen,83095,50,11/26,59,40.9,52.28,B261469
Combiflam,paracetamol + ibuprofen,44254,20,05/26,67,3.05,3.76,B267888
Mesacol,mesalamine,45998,20,08/27,6,37.22,44.19,B272971
Cifran,ciprofloxacin,75607,75,10/28,20,176.57,205.82,B284209
Atorva,atorvastatin,62698,50,05/27,74,14.7,18.58,B274884
Domstal,domperidone,13578,25,01/27,7,18.37,21.55,B277944
Foracort,formoterol + budesonide,62076,100,03/27,34,59.16,76.46,B273531
Allegra,fexofenadine,25593,100,02/29,68,153.25,202.61,B291091
Domstal,domperidone,38796,25,03/28,90,33.34,39.56,B288630
Nise,nimesulide,57880,25,01/28,75,152.22,176.98,B281028
Mesacol,mesalamine,10557,100,12/27,72,11.44,14.29,B277954
Pantocid,pantoprazole,88024,20,12/27,77,96.69,114.61,B275375
Calcimax,calcium + vitamin D3,39653,10,11/26,94,102.48,132.47,B268109
Cetcip,cetirizine,10090,50,10/28,62,131.23,164.64,B289028
Augmentin,amoxicillin + clavulanic acid,93561,25,09/28,34,7.71,9.73,B282773
Limcee,vitamin C,66568,25,02/27,64,69.67,89.9,B278207
Ecosprin,aspirin,20521,100,06/26,86,68.82,84.09,B261845
Telma,telmisartan,37391,20,08/26,46,117.33,145.07,B268032
Azithral,azithromycin,40024,10,12/26,19,106.81,135.84,B268376
Oflox,ofloxacin,35974,25,10/28,77,1.99,2.5,B288960
Rabium,rabeprazole,85672,5,01/28,19,167.17,219.03,B286298
Zerodol,aceclofenac,37947,50,08/27,53,169.01,224.71,B275093
Calpol Plus,paracetamol + ibuprofen,63913,5,10/26,88,13.35,16.75,B262992
Augmentin,amoxicillin + clavulanic acid,46086,20,06/27,95,154.76,180.3,B275728
Wysolone,prednisolone,89724,20,09/27,61,28.53,37.29,B274423
Levolin,levalbuterol,56780,75,07/27,10,166.07,200.08,B279054
Calpol Plus,paracetamol + ibuprofen,44033,25,08/28,42,96.63,121.83,B283203
Pantocid,pantoprazole,16816,75,02/27,9,1.65,2.18,B277315
Clopitab,clopidogrel,78946,10,08/27,87,151.36,195.16,B272662
Allegra,fexofenadine,32171,10,01/28,13,201.3,259.5,B286731
Dolo 650,paracetamol,47434,10,08/26,50,20.09,24.14,B265973
Augmentin,amoxicillin + clavulanic acid,67938,10,03/28,64,24.75,31.54,B286555
Foracort,formoterol + budesonide,20847,5,08/28,22,68.79,83.3,B288657
Combiflam,paracetamol + ibuprofen,18941,50,10/27,97,147.17,195.59,B277087
HCQs,hydroxychloroquine,32064,25,08/28,80,166.75,198.79,B281513
Ondem,ondansetron,34471,20,01/28,68,69.91,91.4,B283568
Dolokind,aceclofenac + paracetamol,92876,5,02/29,58,120.79,145.12,B295206
Wysolone,prednisolone,91622,25,08/27,16,94.64,123.27,B274145
Dolokind,aceclofenac + paracetamol,13843,10,04/28,75,117.33,144.38,B286381
Seroflo,salmeterol + fluticasone,83971,100,04/27,54,1.31,1.52,B275451
Mesacol,mesalamine,23400,50,04/26,29,16.19,19.31,B261888
Thyronorm,levothyroxine,87173,50,06/28,22,182.1,211.48,B281018
Limcee,vitamin C,77618,75,05/28,11,23.96,31.37,B283225
Januvia,sitagliptin,49038,50,08/26,88,122.55,155.48,B261391
Wysolone,prednisolone,98318,100,05/27,47,10.76,12.93,B278138
Foracort,formoterol + budesonide,86723,50,01/28,22,181.72,234.67,B282411
HCQs,hydroxychloroquine,39391,25,03/28,23,101.89,126.06,B283918
Zithromax,azithromycin,29316,5,04/27,3,46.78,59.87,B271439
Crocin,paracetamol,94493,5,09/28,26,117.96,137.97,B287470
Allegra,fexofenadine,28501,75,07/26,20,31.38,41.46,B265913
Levolin,levalbuterol,98418,10,01/29,14,21.32,25.34,B293842
Eltroxin,levothyroxine,98810,100,03/28,98,119.84,142.99,B281500
Allegra,fexofenadine,43033,50,06/28,77,103.63,129.35,B282489
Seroflo,salmeterol + fluticasone,46707,10,10/26,83,37.45,46.35,B267223
Crocin,paracetamol,38914,75,09/26,7,123.11,157.25,B263196
Seroflo,salmeterol + fluticasone,83227,20,12/28,20,183.08,227.99,B283085
Calcimax,calcium + vitamin D3,47931,5,11/27,16,142.04,181.31,B271953
Thyronorm,levothyroxine,75374,75,06/26,93,66.4,87.6,B268225
Domstal,domperidone,42330,5,03/27,23,54.4,71.18,B277681
Betnesol,betamethasone,27933,10,05/28,93,158.02,182.65,B283537
Clavam,amoxicillin + clavulanic acid,66428,100,07/26,74,29.13,37.55,B268021
Zithromax,azithromycin,83135,50,08/28,94,120.92,153.5,B282407
Rabium,rabeprazole,11728,50,07/27,83,5.26,6.17,B272809
Zerodol,aceclofenac,59995,50,08/28,51,92.07,108.63,B285189
Istamet,sitagliptin + metformin,18299,10,04/26,63,42.63,51.13,B264057
Aztor,atorvastatin,68078,50,11/26,25,9.34,11.36,B263118
Calpol Plus,paracetamol + ibuprofen,50725,100,06/27,9,154.4,200.96,B277476
Aztor,atorvastatin,68471,25,01/27,43,63.41,85.4,B271621
Istamet,sitagliptin + metformin,91535,5,06/26,38,130.47,159.46,B265773
Oflox,ofloxacin,86668,25,05/28,63,18.42,24.77,B285302
Betnesol,betamethasone,19710,10,04/27,10,141.2,179.92,B272574
Omez,omeprazole,29284,100,02/27,78,44.33,56.52,B275657
Crocin,paracetamol,87837,75,08/28,86,171.66,197.46,B287906
Rabium,rabeprazole,37359,10,06/27,80,24.23,28.42,B271619
Allegra,fexofenadine,42782,10,08/26,23,96.71,120.76,B266025
Levolin,levalbuterol,64017,10,02/27,95,9.37,12.39,B273221
Eltroxin,levothyroxine,83381,50,09/26,70,85.7,101.72,B262342
Oflox,ofloxacin,15204,50,08/27,94,87.74,104.05,B279774
HCQs,hydroxychloroquine,24358,5,06/27,66,79.09,104.66,B274438
Dolo 650,paracetamol,92049,10,10/26,66,146.0,171.18,B262790
Ondem,ondansetron,52164,50,04/28,24,189.89,246.88,B288825
Augmentin,amoxicillin + clavulanic acid,18523,50,05/26,58,117.27,144.1,B262045
Lipitor,atorvastatin,39937,25,10/28,93,94.04,111.86,B289180
Limcee,vitamin C,62352,20,01/27,67,111.27,142.07,B275117
Zithromax,azithromycin,47456,10,07/27,5,66.06,80.68,B276969
Meftal,mefenamic acid,98876,20,04/27,81,53.12,66.76,B274091
Shelcal,calcium + vitamin D3,19026,20,07/28,47,74.91,99.69,B282245
Azithral,azithromycin,96311,25,09/28,20,56.1,73.41,B282456
Wysolone,prednisolone,27348,20,03/28,62,77.24,96.54,B285659
Amlong,amlodipine,42094,5,08/26,12,10.49,14.16,B261421
Seroflo,salmeterol + fluticasone,70774,75,01/29,84,135.13,160.8,B299969
Zithromax,azithromycin,66966,10,11/28,66,94.85,116.34,B283927
Pantocid,pantoprazole,94584,5,04/27,6,41.88,48.45,B274350
Ondem,ondansetron,37959,25,11/26,63,58.31,71.22,B262317
Atorva,atorvastatin,38667,5,02/27,49,97.48,124.88,B278916
Clopitab,clopidogrel,32885,10,11/28,59,144.93,179.36,B281557
Calpol,paracetamol,58275,20,05/28,25,57.2,75.9,B289166
Nise,nimesulide,47223,20,05/28,90,116.49,141.02,B288538
Rabium,rabeprazole,51407,5,02/29,56,165.74,212.27,B299677
Thyronorm,levothyroxine,70762,25,04/28,71,158.84,185.82,B281891
Oflox,ofloxacin,42482,5,08/26,98,150.46,200.47,B268853
Evion 400,vitamin E,55274,50,11/28,50,91.82,113.28,B285700
Zithromax,azithromycin,73397,10,06/27,56,128.68,168.55,B274833
Januvia,sitagliptin,49709,10,09/27,72,135.2,175.46,B275044
Augmentin,amoxicillin + clavulanic acid,78286,20,07/28,45,43.79,55.9,B282169
Rabium,rabeprazole,53699,10,04/27,66,144.2,173.42,B274214
Zithromax,azithromycin,35516,5,02/27,33,52.8,67.14,B277601
Clopitab,clopidogrel,56822,5,02/29,5,48.06,56.34,B294195
Domstal,domperidone,54575,100,11/28,79,133.64,174.57,B288261
Calpol Plus,paracetamol + ibuprofen,38842,10,11/27,57,108.92,130.39,B271319
Pan,pantoprazole,16360,75,05/26,85,1.01,1.33,B264116
Evion 400,vitamin E,39489,50,08/27,9,169.45,224.16,B278895
Ondem,ondansetron,88286,25,09/28,37,207.76,278.82,B282473
Lipitor,atorvastatin,65985,100,10/28,83,68.53,84.95,B285100
Gluconorm,metformin,96168,10,08/26,45,65.3,87.73,B266993
Nise,nimesulide,89174,5,06/28,90,173.56,214.72,B283058
Cetcip,cetirizine,55907,10,05/28,78,28.81,34.66,B285289
Dolo 650,paracetamol,25415,5,02/29,69,55.51,71.79,B293765
Amlong,amlodipine,55150,50,05/28,5,3.66,4.42,B289462
Shelcal,calcium + vitamin D3,34105,50,06/27,57,25.52,32.08,B271230
Clavam,amoxicillin + clavulanic acid,29017,100,06/28,99,43.3,52.17,B283541
Thyronorm,levothyroxine,94118,50,01/29,48,5.57,7.43,B299206
Atorva,atorvastatin,13105,100,05/26,71,35.9,44.97,B266337
Levolin,levalbuterol,99775,25,10/26,65,55.31,65.48,B265001
Atorva,atorvastatin,23198,100,01/27,99,88.18,113.78,B271382
Eltroxin,levothyroxine,89135,25,03/27,39,160.26,191.99,B275102
Thyronorm,levothyroxine,41357,100,06/26,85,125.45,155.19,B261394
Clavam,amoxicillin + clavulanic acid,27910,10,07/26,87,4.4,5.87,B269178
Evion 400,vitamin E,74434,10,12/27,19,135.32,170.57,B273359
Aztor,atorvastatin,17415,5,04/27,36,117.0,156.22,B274499
Nise,nimesulide,35345,5,09/28,38,68.32,83.07,B285088
Zithromax,azithromycin,96443,25,05/26,97,155.03,208.64,B263333
Rabium,rabeprazole,21776,20,05/28,82,128.39,155.99,B286625
Atorva,atorvastatin,70419,20,10/26,48,38.09,50.27,B263341
Cetcip,cetirizine,66396,5,07/28,9,46.44,58.02,B282990
Nise,nimesulide,49603,75,04/28,96,53.84,65.38,B289885
Aztor,atorvastatin,42645,5,10/28,11,161.1,206.75,B283452
Crocin,paracetamol,53496,10,08/27,43,92.55,117.91,B276771
Januvia,sitagliptin,46202,20,10/27,89,11.46,15.42,B279551
Calcimax,calcium + vitamin D3,10776,25,08/28,47,180.57,217.4,B287652
Domstal,domperidone,47282,10,01/29,58,173.6,204.02,B298728
Evion 400,vitamin E,28065,10,12/28,83,73.59,86.5,B285310
Eltroxin,levothyroxine,57141,25,05/27,13,146.27,174.46,B272224
Telma,telmisartan,76316,20,12/28,38,194.06,233.58,B286689
Telma,telmisartan,27030,75,07/28,95,45.2,54.91,B286136
Cifran,ciprofloxacin,33893,5,10/26,20,130.75,167.95,B262682
Amaryl,glimepiride,34624,10,03/27,23,77.83,101.84,B277017
Cetcip,cetirizine,74611,75,01/28,3,50.41,65.31,B283279
Zithromax,azithromycin,36260,75,08/27,77,95.83,115.43,B273125
Calpol Plus,paracetamol + ibuprofen,50915,50,06/28,25,51.74,69.1,B287656
Pantocid,pantoprazole,36177,25,11/26,57,190.16,240.56,B263482
Omez,omeprazole,43411,5,01/29,90,14.76,17.98,B295476
Clavam,amoxicillin + clavulanic acid,90242,75,10/27,81,102.63,124.07,B279085
Lipitor,atorvastatin,60032,100,09/28,63,70.63,83.59,B287571
Amaryl,glimepiride,41876,100,01/27,76,70.89,85.68,B271433
Calcimax,calcium + vitamin D3,28117,10,03/28,70,17.42,21.7,B288931
Telma,telmisartan,55219,10,11/28,50,120.66,140.89,B283387
Seroflo,salmeterol + fluticasone,65230,10,11/26,31,93.87,108.92,B266783
Cetcip,cetirizine,60594,5,04/28,2,141.94,174.88,B285255
Atorva,atorvastatin,23652,5,12/27,68,104.99,121.15,B277432
Lipitor,atorvastatin,48437,100,07/27,34,1.45,1.75,B275322
Calpol,paracetamol,99681,25,07/28,93,137.83,178.37,B287512
Lipitor,atorvastatin,89107,20,07/26,19,140.03,168.48,B261735
Aztor,atorvastatin,30465,25,11/26,39,37.2,42.88,B266716
Seroflo,salmeterol + fluticasone,98567,5,12/28,79,118.43,153.92,B281415
HCQs,hydroxychloroquine,24229,20,01/28,100,157.2,184.23,B284824
Istamet,sitagliptin + metformin,56246,5,06/28,25,65.3,83.4,B285314
Eltroxin,levothyroxine,31459,100,07/28,2,64.4,85.61,B285674
Eltroxin,levothyroxine,24860,10,07/27,56,81.12,94.25,B273127
Wysolone,prednisolone,15792,75,03/28,7,144.42,192.91,B287708
Domstal,domperidone,26191,5,11/27,22,47.55,54.94,B279872
Oflox,ofloxacin,86427,20,07/26,95,81.91,106.68,B266284
Pan,pantoprazole,72573,5,02/28,59,95.73,115.83,B281197
Oflox,ofloxacin,56406,75,09/26,43,121.96,140.64,B262808
Monocef-O,cefixime,62595,20,07/26,33,73.47,95.84,B263486
Meftal,mefenamic acid,36859,75,01/29,82,55.33,72.26,B296439
Meftal,mefenamic acid,11861,75,04/28,30,184.36,226.49,B289735
Calcimax,calcium + vitamin D3,87939,100,10/26,63,21.66,26.3,B269108
Lipitor,atorvastatin,26985,75,09/27,33,50.66,66.93,B274854
Omez,omeprazole,28854,75,01/28,75,117.04,154.15,B288026
Calcimax,calcium + vitamin D3,80541,50,10/27,30,82.24,99.42,B277138
Augmentin,amoxicillin + clavulanic acid,21014,10,09/26,88,88.74,109.06,B264642
Istamet,sitagliptin + metformin,53306,25,06/27,8,29.15,38.31,B273799
Foracort,formoterol + budesonide,76013,50,01/28,19,127.41,151.47,B283879
Telma,telmisartan,10485,25,09/28,27,92.04,121.29,B283667
Levolin,levalbuterol,69510,25,05/26,80,65.08,85.55,B264539
Crocin,paracetamol,37296,75,09/28,50,101.67,124.99,B288550
Wysolone,prednisolone,22338,75,04/28,38,111.61,149.81,B285425
Amlong,amlodipine,27673,75,01/29,36,55.07,68.66,B297571
Calpol,paracetamol,31570,100,03/28,53,110.78,144.8,B288110
Omez,omeprazole,65589,75,07/27,98,192.62,243.99,B277598
Cifran,ciprofloxacin,76573,75,09/26,19,8.1,9.71,B261577
Deriphyllin,etofylline + theophylline,76877,75,06/27,9,105.11,131.02,B277238
Pan,pantoprazole,93709,5,07/26,53,32.91,42.96,B269629
Thyronorm,levothyroxine,38516,5,01/28,17,4.93,6.03,B281005
Crocin,paracetamol,96405,75,08/26,83,176.38,219.5,B261952
Calcimax,calcium + vitamin D3,82752,50,12/27,37,46.05,58.69,B278945
Taxim-O,cefixime,98942,50,02/27,46,140.13,174.31,B276587
Meftal,mefenamic acid,36839,100,02/27,83,68.87,79.48,B272168
Betnesol,betamethasone,35022,100,02/27,99,156.02,189.96,B279656
Gluconorm,metformin,25122,5,06/26,70,152.05,187.25,B268508
Telma,telmisartan,25633,75,11/26,63,66.37,89.49,B268848
Glycomet,metformin,68496,100,04/28,88,25.67,34.44,B286903
Evion 400,vitamin E,32933,100,02/29,75,54.0,62.47,B297405
Amlong,amlodipine,93209,25,11/28,38,142.86,176.47,B283168
Crocin,paracetamol,34898,50,04/27,62,102.66,136.99,B277439
Lipitor,atorvastatin,65542,5,05/27,91,55.65,69.15,B273314
Omez,omeprazole,93211,20,03/28,23,145.08,182.09,B285052
Istamet,sitagliptin + metformin,15910,20,04/26,23,54.09,67.24,B266071
Wysolone,prednisolone,83481,75,09/28,95,44.44,57.75,B289769
Wysolone,prednisolone,59112,20,01/29,79,11.77,15.55,B298396
Istamet,sitagliptin + metformin,12464,5,06/27,26,179.16,232.17,B274817
Amaryl,glimepiride,60603,50,07/27,50,159.18,212.4,B272097
Januvia,sitagliptin,80655,5,12/26,93,33.86,39.45,B266910
Gluconorm,metformin,52949,100,05/27,1,61.91,80.01,B271031
Amlong,amlodipine,52815,20,04/28,85,7.58,9.21,B286138
Pan,pantoprazole,84357,5,02/28,45,83.3,99.36,B284254
Allegra,fexofenadine,66722,10,01/29,8,140.13,163.92,B291020
Calpol,paracetamol,22314,25,11/26,97,31.94,38.52,B265028
Amaryl,glimepiride,76192,25,12/28,72,25.48,30.38,B285066
Evion 400,vitamin E,67005,10,03/27,89,124.06,149.97,B275086
Telma,telmisartan,42467,75,09/26,86,81.11,103.24,B268518
Augmentin,amoxicillin + clavulanic acid,59801,25,07/28,66,137.36,178.84,B289967
Atorva,atorvastatin,87458,75,09/27,70,8.65,11.27,B271453
Clopitab,clopidogrel,10089,10,12/27,22,107.92,136.24,B279653
Cetcip,cetirizine,43460,25,05/28,67,3.45,4.09,B286420
Combiflam,paracetamol + ibuprofen,32866,100,09/28,34,11.55,15.5,B289027
Istamet,sitagliptin + metformin,57368,100,11/28,8,16.28,21.19,B282506
Foracort,formoterol + budesonide,63159,20,08/28,31,79.24,96.85,B283561
Eltroxin,levothyroxine,47419,75,04/28,97,113.87,153.53,B285215
Levolin,levalbuterol,46023,20,09/27,32,7.31,9.73,B272256
Pantocid,pantoprazole,14016,20,03/28,3,106.29,123.5,B284216
Oflox,ofloxacin,55285,5,09/26,11,48.72,62.2,B269149
Mesacol,mesalamine,81454,20,07/28,18,87.84,112.13,B289433
Glycomet,metformin,11513,100,03/27,11,99.38,131.84,B272426
Limcee,vitamin C,16728,50,02/27,76,99.77,126.92,B279456
Shelcal,calcium + vitamin D3,39053,50,03/28,86,44.64,56.85,B281761
Pantocid,pantoprazole,88004,100,02/27,36,51.05,68.37,B271872
Allegra,fexofenadine,98700,10,07/26,75,153.09,193.0,B267430
Telma,telmisartan,42347,75,01/28,45,74.83,91.76,B288956
Atorva,atorvastatin,50483,50,01/29,78,35.1,44.45,B294409
Crocin,paracetamol,75702,5,05/27,3,90.93,105.82,B276717
Monocef-O,cefixime,20572,10,11/26,75,22.83,27.2,B268243
Ondem,ondansetron,45996,25,10/28,85,74.25,95.86,B283195
Eltroxin,levothyroxine,40741,5,12/26,18,19.84,24.49,B263322
Ecosprin,aspirin,56527,100,09/28,7,65.24,75.8,B288415
Dolo 650,paracetamol,16845,100,02/28,82,19.92,26.58,B286282
Foracort,formoterol + budesonide,84602,5,12/28,51,94.26,115.69,B287797
Dolokind,aceclofenac + paracetamol,32639,10,11/27,37,55.97,73.9,B273682
Allegra,fexofenadine,98124,25,07/26,4,63.27,83.4,B268701
Cetcip,cetirizine,17849,75,06/27,8,92.29,118.5,B275012
Augmentin,amoxicillin + clavulanic acid,46106,100,06/27,85,27.17,32.77,B279963
Shelcal,calcium + vitamin D3,73933,25,02/27,9,40.77,52.49,B272483
Eltroxin,levothyroxine,78489,75,01/27,56,34.9,40.39,B274447
Oflox,ofloxacin,83106,25,04/28,85,153.92,203.5,B284288
Levolin,levalbuterol,27761,20,12/28,97,51.76,61.88,B281504
Deriphyllin,etofylline + theophylline,70289,50,11/26,31,132.83,160.45,B263526
Nise,nimesulide,92285,20,11/28,63,80.52,97.09,B281393
Mesacol,mesalamine,42219,75,04/27,53,16.05,19.85,B271213
Pan,pantoprazole,20621,25,08/26,84,53.27,68.64,B262174
Domstal,domperidone,20098,50,09/27,21,93.23,109.58,B276363
Deriphyllin,etofylline + theophylline,21572,10,10/27,26,133.37,167.38,B274483
Ondem,ondansetron,14401,25,08/28,9,5.36,6.7,B285018
Foracort,formoterol + budesonide,13148,20,06/28,71,65.56,75.72,B289494
Nise,nimesulide,46340,20,12/27,64,25.7,34.51,B274105
Cifran,ciprofloxacin,99718,10,11/27,76,33.84,44.84,B272873
Augmentin,amoxicillin + clavulanic acid,30903,5,06/27,77,160.65,185.85,B271598
Lipitor,atorvastatin,91237,100,09/28,4,187.12,238.37,B284576
Wysolone,prednisolone,18228,75,07/27,65,19.25,24.08,B274991
Cifran,ciprofloxacin,84055,10,12/26,28,109.98,127.13,B264040
Domstal,domperidone,36138,5,09/28,99,119.95,147.82,B287669
Calpol Plus,paracetamol + ibuprofen,24544,50,07/28,19,60.77,77.5,B283544
Azithral,azithromycin,38223,75,11/26,7,20.2,24.37,B265516
Meftal,mefenamic acid,93042,50,05/26,49,112.18,141.39,B262973
Istamet,sitagliptin + metformin,88500,20,10/26,51,73.32,98.32,B266323
Mesacol,mesalamine,52816,20,05/27,97,15.35,17.86,B278935
Monocef-O,cefixime,72088,100,04/28,45,57.48,67.39,B289336
Zerodol,aceclofenac,91711,75,01/28,42,129.69,169.12,B285193
Meftal,mefenamic acid,94847,5,04/28,32,95.37,121.35,B287966
Clavam,amoxicillin + clavulanic acid,57377,5,11/27,8,183.38,217.05,B274830
Nise,nimesulide,27263,50,08/27,23,151.41,200.14,B271617
Omez,omeprazole,75228,5,09/28,65,21.75,28.33,B289901
Limcee,vitamin C,13918,20,05/26,81,163.1,215.78,B261305
Ondem,ondansetron,54063,20,03/27,17,146.81,177.67,B271523
Rabium,rabeprazole,70046,5,12/27,24,82.91,106.26,B273772
Allegra,fexofenadine,90857,50,02/27,40,35.05,46.52,B272745
Lipitor,atorvastatin,50392,20,02/27,57,151.33,191.59,B272294
Ecosprin,aspirin,86253,25,02/27,97,121.31,161.76,B274499
Istamet,sitagliptin + metformin,82015,75,10/28,100,43.3,54.65,B289632
Limcee,vitamin C,73274,25,12/27,53,102.69,134.84,B273802
Shelcal,calcium + vitamin D3,76490,10,06/27,16,17.71,22.37,B273350
Azithral,azithromycin,77878,75,12/26,62,133.97,171.44,B262226
Allegra,fexofenadine,73041,75,07/26,93,101.63,119.54,B269697
Mesacol,mesalamine,70546,75,12/27,96,113.15,146.21,B273151
Limcee,vitamin C,21959,10,11/28,86,93.36,114.56,B281546
Pan,pantoprazole,82924,100,06/28,65,103.52,124.45,B284183
Zithromax,azithromycin,34520,100,08/28,21,143.7,185.91,B289446
Seroflo,salmeterol + fluticasone,24097,10,11/27,77,156.32,198.94,B278412
Cifran,ciprofloxacin,33690,100,12/28,40,126.23,158.45,B286121
Lipitor,atorvastatin,96813,25,05/28,84,22.32,29.09,B281964
Mesacol,mesalamine,59556,20,05/28,19,7.12,8.93,B286432
Eltroxin,levothyroxine,94086,75,10/27,36,57.1,71.02,B278124
Levolin,levalbuterol,96504,5,09/26,19,155.57,206.79,B267588
Amlong,amlodipine,33194,25,11/28,24,92.72,122.21,B287527
Istamet,sitagliptin + metformin,43275,20,06/28,25,30.8,38.11,B285607
Dolo 650,paracetamol,86746,25,12/27,9,147.12,185.83,B278988
Clavam,amoxicillin + clavulanic acid,98703,10,03/27,46,157.7,209.14,B275233
Zithromax,azithromycin,55915,100,10/27,19,78.43,101.16,B274204
Foracort,formoterol + budesonide,64487,5,04/28,40,145.51,183.51,B281636
Taxim-O,cefixime,38425,10,04/27,8,140.62,163.63,B272798
Calpol,paracetamol,73033,10,08/28,73,162.11,188.24,B282277
Glycomet,metformin,52679,20,01/28,92,45.13,60.65,B286723
Gluconorm,metformin,40276,100,03/28,38,24.18,28.64,B284308
Augmentin,amoxicillin + clavulanic acid,74293,25,07/26,43,46.59,54.03,B265907
Monocef-O,cefixime,66145,5,01/29,82,134.59,167.6,B299251
Dolokind,aceclofenac + paracetamol,69619,25,01/29,15,3.45,4.39,B293655
Combiflam,paracetamol + ibuprofen,11265,5,02/28,31,23.13,28.79,B288974
Cifran,ciprofloxacin,98855,5,11/28,18,9.04,10.55,B281552
Glycomet,metformin,46413,100,09/27,46,54.13,71.33,B275461
Calcimax,calcium + vitamin D3,41520,50,04/28,34,1.56,1.84,B282485
Augmentin,amoxicillin + clavulanic acid,45624,10,09/27,38,76.84,98.56,B273230
Calcimax,calcium + vitamin D3,49141,10,03/28,78,98.27,127.72,B288193
Glycomet,metformin,84645,20,01/29,66,38.22,50.05,B292685
Nise,nimesulide,52684,75,10/27,7,123.69,149.63,B278014
Clopitab,clopidogrel,34658,50,04/28,93,118.78,145.91,B284031
Evion 400,vitamin E,69224,75,01/27,66,100.04,118.2,B272006
Pan,pantoprazole,86700,25,03/28,99,130.29,155.28,B284186
Clavam,amoxicillin + clavulanic acid,87651,25,08/28,8,54.32,63.64,B288757
Monocef-O,cefixime,68298,20,09/27,10,46.09,56.56,B276928
Thyronorm,levothyroxine,99059,20,11/27,50,2.64,3.32,B279836
Atorva,atorvastatin,73239,5,10/27,87,99.38,127.29,B273523
Oflox,ofloxacin,47059,50,09/28,35,119.47,148.47,B289641
Shelcal,calcium + vitamin D3,74258,5,08/28,28,34.71,45.89,B282628
Omez,omeprazole,15861,10,07/28,46,135.35,160.6,B285270
Calcimax,calcium + vitamin D3,78102,10,09/26,12,88.6,107.92,B265982
Augmentin,amoxicillin + clavulanic acid,39907,50,08/26,5,43.52,54.48,B269020
Seroflo,salmeterol + fluticasone,31905,25,12/28,83,34.14,41.52,B284086
Lipitor,atorvastatin,26423,25,07/28,99,40.16,51.49,B286893
Zithromax,azithromycin,31563,5,11/28,10,15.14,18.59,B285301
Levolin,levalbuterol,24308,75,06/26,28,106.6,125.13,B267345
Deriphyllin,etofylline + theophylline,81488,25,03/27,23,42.6,50.63,B278738
Oflox,ofloxacin,15420,5,05/27,68,40.56,53.67,B276582
Omez,omeprazole,42020,50,06/27,89,40.67,54.65,B275120
Zerodol,aceclofenac,72808,100,02/27,73,58.25,74.53,B271414
Monocef-O,cefixime,52087,25,04/28,54,6.35,7.94,B283920
Amaryl,glimepiride,72075,20,12/28,27,161.12,189.53,B289219
Wysolone,prednisolone,32544,20,06/28,39,143.54,180.13,B281145
Domstal,domperidone,28539,25,10/27,19,47.09,57.24,B275995
Glycomet,metformin,12474,25,05/28,50,75.96,88.25,B289928
Zithromax,azithromycin,43156,50,04/27,62,79.38,98.88,B272508
Deriphyllin,etofylline + theophylline,48930,25,01/28,83,181.32,222.85,B281547
Taxim-O,cefixime,51020,100,06/28,52,78.16,92.9,B285034
Seroflo,salmeterol + fluticasone,95213,10,12/26,86,54.13,72.83,B265194
Dolokind,aceclofenac + paracetamol,87185,75,01/29,5,157.37,187.48,B299744
Azithral,azithromycin,18945,25,03/28,81,107.98,137.29,B286132
Zerodol,aceclofenac,92472,10,02/29,38,42.18,55.72,B297290
Betnesol,betamethasone,65740,100,08/28,88,39.14,47.86,B284653
Omez,omeprazole,91887,5,04/28,73,12.74,16.85,B287739
Meftal,mefenamic acid,41235,50,05/26,89,40.12,47.83,B264258
Eltroxin,levothyroxine,47249,20,08/28,60,37.75,50.68,B282679
Calpol Plus,paracetamol + ibuprofen,59662,25,07/28,50,4.69,5.66,B282517
Ecosprin,aspirin,40923,25,02/27,96,145.8,171.04,B272703
Limcee,vitamin C,72679,50,12/28,83,198.9,247.88,B289919
Clopitab,clopidogrel,23059,5,05/26,81,147.92,183.0,B262664
Thyronorm,levothyroxine,87703,25,04/26,98,152.21,188.2,B267364
Mesacol,mesalamine,49263,20,04/26,61,48.37,59.72,B263964
Monocef-O,cefixime,79617,50,11/27,18,104.5,131.73,B273798
Zerodol,aceclofenac,26939,50,10/26,21,196.9,237.04,B266423
Gluconorm,metformin,42937,50,08/28,69,27.64,36.58,B281729
Amaryl,glimepiride,76116,75,11/26,64,48.24,63.49,B262631
Betnesol,betamethasone,24078,75,08/28,2,69.74,81.87,B283681
Combiflam,paracetamol + ibuprofen,12157,10,04/28,57,39.03,50.81,B287218
Telma,telmisartan,44372,100,04/28,85,6.79,9.06,B286721
Thyronorm,levothyroxine,87629,100,05/26,84,139.32,165.15,B262935
Nise,nimesulide,18126,10,05/26,48,167.89,220.71,B261156
Monocef-O,cefixime,21474,50,06/28,29,131.22,159.17,B282389
Wysolone,prednisolone,17464,25,07/27,19,85.62,111.02,B278173
Meftal,mefenamic acid,40566,20,01/28,48,129.87,161.84,B288881
Augmentin,amoxicillin + clavulanic acid,91228,20,03/28,72,76.92,95.48,B288962
Januvia,sitagliptin,36777,100,05/27,76,77.97,96.17,B276296
Clopitab,clopidogrel,33373,50,07/28,64,21.93,25.67,B286356
Meftal,mefenamic acid,29388,10,09/28,53,38.43,48.1,B286102
Calpol,paracetamol,94101,10,02/29,5,93.35,107.78,B294655
Omez,omeprazole,65830,20,12/27,70,169.63,204.07,B277429
Amlong,amlodipine,70665,50,04/26,32,124.03,160.56,B267586
Oflox,ofloxacin,47549,25,01/28,3,66.11,79.28,B284664
Telma,telmisartan,13399,75,02/27,76,133.98,158.87,B275234
Aztor,atorvastatin,11500,75,03/28,77,143.7,178.29,B282159
Amlong,amlodipine,13070,20,06/28,94,80.05,105.45,B283065
Omez,omeprazole,86792,10,01/27,68,53.83,71.36,B277603
Levolin,levalbuterol,79606,50,10/27,74,116.71,150.15,B275683
Rabium,rabeprazole,12015,10,12/28,98,63.91,79.63,B285586
Ondem,ondansetron,69759,100,07/28,74,191.72,235.05,B288542
Rabium,rabeprazole,59501,25,08/26,75,61.65,74.57,B261286
Calpol Plus,paracetamol + ibuprofen,44966,25,05/28,73,1.39,1.76,B284439
Eltroxin,levothyroxine,60190,75,01/28,8,103.01,135.19,B283699
Augmentin,amoxicillin + clavulanic acid,92046,100,08/27,48,125.63,163.7,B279817
Shelcal,calcium + vitamin D3,78536,75,04/27,71,211.86,268.84,B274208
Istamet,sitagliptin + metformin,62461,50,08/26,53,124.39,154.35,B263596
Zerodol,aceclofenac,49938,10,12/27,25,144.06,191.01,B273722
Atorva,atorvastatin,14788,5,03/28,98,69.29,90.55,B286550
Lipitor,atorvastatin,61020,75,11/26,71,151.92,187.9,B266874
Eltroxin,levothyroxine,92584,25,03/27,92,25.65,30.91,B277192
Glycomet,metformin,22682,25,07/26,64,6.48,7.68,B267969
Istamet,sitagliptin + metformin,20526,100,08/28,78,24.81,30.71,B285269
Cifran,ciprofloxacin,73923,75,09/26,79,121.88,164.0,B264083
Wysolone,prednisolone,82571,5,08/27,50,57.62,68.83,B271813
Aztor,atorvastatin,88169,20,06/27,56,25.27,29.6,B274638
Taxim-O,cefixime,93748,25,07/27,19,88.4,105.42,B274535
Amlong,amlodipine,53651,20,07/28,43,203.97,237.06,B286055
Calpol,paracetamol,55990,20,04/27,42,125.37,164.83,B273141
Omez,omeprazole,49837,100,08/28,60,11.1,13.85,B286121
HCQs,hydroxychloroquine,80085,25,08/28,72,11.51,14.38,B286360
Taxim-O,cefixime,58391,10,09/26,64,125.07,148.89,B268593
Crocin,paracetamol,57105,20,07/26,33,166.08,200.21,B268374
Azithral,azithromycin,33617,20,10/28,84,157.7,204.46,B286596
Meftal,mefenamic acid,63300,25,06/26,87,26.14,31.98,B269282
Dolo 650,paracetamol,11444,20,01/27,98,95.66,128.21,B271284
Taxim-O,cefixime,57867,50,11/28,70,132.13,152.86,B282226
Azithral,azithromycin,66730,5,09/26,21,149.32,184.53,B263058
Thyronorm,levothyroxine,72323,75,09/27,46,1.42,1.88,B274747
Atorva,atorvastatin,21095,75,05/26,69,104.24,134.39,B264439
Clopitab,clopidogrel,88103,5,06/27,20,109.34,127.52,B273967
Azithral,azithromycin,22863,100,03/27,35,145.88,190.74,B272999
Dolo 650,paracetamol,30611,25,11/28,11,119.82,148.94,B281373
Calcimax,calcium + vitamin D3,81259,5,01/27,64,115.54,144.63,B273732
Limcee,vitamin C,39716,50,06/27,7,20.35,24.35,B271633
Monocef-O,cefixime,76750,10,10/27,33,159.14,195.38,B274864
Augmentin,amoxicillin + clavulanic acid,67103,100,11/28,68,81.4,97.88,B285424
Zerodol,aceclofenac,98137,25,06/28,98,103.25,119.86,B287015
Shelcal,calcium + vitamin D3,61783,25,10/27,93,80.73,94.28,B273356
