firstName,lastName,birthdate,address,phone,gender,insurance,patientID
Rahul,Verma,04/26/2005,"221/92 Main Road, Hyderabad, Telangana",+91-7700009900,F,,2025001
Amit,Sharma,09/19/1964,"81/23 Main Road, Ahmedabad, Gujarat",+91-7985783547,M,Batra-Mane Health Insurance,2025002
Rahul,Singh,02/14/2005,"754/7 Main Road, Hyderabad, Telangana",+91-7009449142,F,Bahl Inc Health Insurance,2025003
Arjun,Khan,11/29/1950,"980/1 Main Road, Delhi, Delhi",+91-8059051131,M,Chaudhari-Dixit Health Insurance,2025004
Aanya,Jain,05/13/2012,"70/77 Main Road, Pune, Maharashtra",+91-7181601296,F,Chaudhari-Dixit Health Insurance,2025005
Siddharth,Mehta,02/13/1991,"782/34 Main Road, Bengaluru, Karnataka",+91-7674573482,F,Bahl Inc Health Insurance,2025006
Sneha,Ghosh,11/11/1972,"847/11 Main Road, Bengaluru, Karnataka",+91-8951519313,F,"Soni, Vohra and Vohra Health Insurance",2025007
Vihaan,Nair,06/20/1962,"363/97 Main Road, Jaipur, Rajasthan",+91-9372605254,F,"Loyal, Parikh and Bajwa Health Insurance",2025008
Kiran,Nair,04/16/1986,"197/99 Main Road, Kolkata, West Bengal",+91-9054220868,F,Lall Inc Health Insurance,2025009
Siddharth,Desai,05/26/2007,"679/43 Main Road, Lucknow, Uttar Pradesh",+91-9973028828,M,Setty-Sarna Health Insurance,2025010
Diya,Verma,12/29/2001,"11/29 Main Road, Chennai, Tamil Nadu",+91-8639184471,M,Chaudhari-Dixit Health Insurance,2025011
Aarav,Kulkarni,06/10/1989,"273/25 Main Road, Bengaluru, Karnataka",+91-7236076892,F,Bhatti Group Health Insurance,2025012
Diya,Pandey,01/13/1989,"92/52 Main Road, Kolkata, West Bengal",+91-7569916287,M,Raval-Panchal Health Insurance,2025013
Rohit,Verma,10/05/1995,"248/7 Main Road, Ahmedabad, Gujarat",+91-9977039442,M,,2025014
Anaya,Ghosh,08/13/1982,"414/86 Main Road, Jaipur, Rajasthan",+91-8639059383,F,Shetty LLC Health Insurance,2025015
Diya,Yadav,03/06/1950,"62/33 Main Road, Jaipur, Rajasthan",+91-9082403578,F,,2025016
Neha,Iyer,09/02/1970,"161/27 Main Road, Jaipur, Rajasthan",+91-8328545335,F,Nair PLC Health Insurance,2025017
Vihaan,Iyer,03/20/1985,"27/16 Main Road, Hyderabad, Telangana",+91-8453348637,M,Dalal Group Health Insurance,2025018
Priya,Gupta,11/01/1994,"830/49 Main Road, Pune, Maharashtra",+91-9515207971,M,Basak-Konda Health Insurance,2025019
Rahul,Iyer,10/19/2005,"880/91 Main Road, Jaipur, Rajasthan",+91-8434585885,M,,2025020
Anaya,Reddy,08/30/1961,"633/84 Main Road, Pune, Maharashtra",+91-9051947619,M,"Singh, Khurana and Suri Health Insurance",2025021
Isha,Gupta,09/15/2004,"659/30 Main Road, Mumbai, Maharashtra",+91-7682935742,F,,2025022
Anaya,Pandey,07/10/1962,"540/48 Main Road, Delhi, Delhi",+91-8089958346,M,"Shah, Chokshi and Dhaliwal Health Insurance",2025023
Sneha,Yadav,02/07/2013,"451/47 Main Road, Jaipur, Rajasthan",+91-9437358064,M,"Ahluwalia, Shan and Dass Health Insurance",2025024
Kiran,Gupta,05/17/2010,"325/41 Main Road, Hyderabad, Telangana",+91-7025186459,M,"Sridhar, Upadhyay and Dewan Health Insurance",2025025
Aditya,Ghosh,10/16/1953,"170/34 Main Road, Delhi, Delhi",+91-9041332690,F,,2025026
Anaya,Patel,08/30/1980,"340/37 Main Road, Mumbai, Maharashtra",+91-9888504866,M,Dalal Group Health Insurance,2025027
Arjun,Pandey,01/16/1957,"256/16 Main Road, Pune, Maharashtra",+91-7955858419,M,,2025028
Aarav,Reddy,09/23/2002,"339/99 Main Road, Delhi, Delhi",+91-8114607318,M,,2025029
Aanya,Bose,03/31/1989,"384/10 Main Road, Kolkata, West Bengal",+91-9392351236,M,Setty-Sarna Health Insurance,2025030
Priya,Khan,12/22/1980,"467/91 Main Road, Ahmedabad, Gujarat",+91-7541231017,F,"Sridhar, Upadhyay and Dewan Health Insurance",2025031
Aditya,Verma,05/31/1992,"20/11 Main Road, Chennai, Tamil Nadu",+91-8003067705,M,"Loyal, Parikh and Bajwa Health Insurance",2025032
Isha,Yadav,01/13/1969,"221/9 Main Road, Lucknow, Uttar Pradesh",+91-8464149062,M,"Soni, Vohra and Vohra Health Insurance",2025033
Amit,Khan,10/09/1976,"117/34 Main Road, Jaipur, Rajasthan",+91-7366576435,M,,2025034
Priya,Patel,10/06/1957,"687/70 Main Road, Mumbai, Maharashtra",+91-8297880258,F,,2025035
Rahul,Iyer,05/10/1994,"4/95 Main Road, Chennai, Tamil Nadu",+91-8196900017,M,Upadhyay-Dalal Health Insurance,2025036
Amit,Singh,12/18/1951,"232/18 Main Road, Hyderabad, Telangana",+91-9128599002,M,,2025037
Rahul,Yadav,04/12/1960,"659/17 Main Road, Pune, Maharashtra",+91-9017757802,M,Pandya-Vig Health Insurance,2025038
Kiran,Pandey,04/20/1989,"290/58 Main Road, Chennai, Tamil Nadu",+91-9785301424,F,,2025039
Neha,Chowdhury,04/28/1999,"454/32 Main Road, Delhi, Delhi",+91-7746631485,F,,2025040
Kiran,Nair,10/03/1993,"503/7 Main Road, Pune, Maharashtra",+91-8185705978,M,Dhawan Ltd Health Insurance,2025041
Aanya,Desai,03/07/1977,"467/73 Main Road, Hyderabad, Telangana",+91-7060313984,F,Gupta-Arya Health Insurance,2025042
Anaya,Bose,05/08/1956,"419/98 Main Road, Jaipur, Rajasthan",+91-7359378907,F,"Shah, Ghose and Sankar Health Insurance",2025043
Neha,Pandey,07/31/2003,"768/57 Main Road, Kolkata, West Bengal",+91-7140907950,F,"Bhasin, Tripathi and Atwal Health Insurance",2025044
Vivaan,Kulkarni,12/20/2013,"657/39 Main Road, Hyderabad, Telangana",+91-8436493409,F,,2025045
Myra,Bose,01/08/1989,"127/18 Main Road, Chennai, Tamil Nadu",+91-9245367110,M,Chandra PLC Health Insurance,2025046
Myra,Jain,11/03/1973,"351/22 Main Road, Chennai, Tamil Nadu",+91-9113655111,F,,2025047
Isha,Jain,04/22/1999,"987/40 Main Road, Hyderabad, Telangana",+91-9827472579,M,Sheth LLC Health Insurance,2025048
Aanya,Reddy,12/05/1989,"857/59 Main Road, Ahmedabad, Gujarat",+91-8059312751,M,,2025049
Neha,Nair,04/25/1983,"506/35 Main Road, Lucknow, Uttar Pradesh",+91-7905470168,M,Pandya-Vig Health Insurance,2025050
Myra,Pandey,05/12/1954,"726/43 Main Road, Pune, Maharashtra",+91-9304027071,F,,2025051
Aditya,Iyer,09/21/1967,"35/26 Main Road, Bengaluru, Karnataka",+91-9616824961,M,Raval-Panchal Health Insurance,2025052
Aanya,Tiwari,10/23/1977,"164/70 Main Road, Mumbai, Maharashtra",+91-7264306645,F,Basak-Konda Health Insurance,2025053
Rohit,Sharma,07/07/2007,"347/33 Main Road, Chennai, Tamil Nadu",+91-9483310404,M,,2025054
Isha,Tiwari,10/05/1994,"281/81 Main Road, Jaipur, Rajasthan",+91-8597284099,M,"Sheth, Gera and Nagi Health Insurance",2025055
Anaya,Khan,10/27/2010,"901/45 Main Road, Chennai, Tamil Nadu",+91-9099659664,M,,2025056
Siddharth,Jain,02/10/1982,"424/75 Main Road, Pune, Maharashtra",+91-7573138603,F,Barman-Vasa Health Insurance,2025057
Aditya,Desai,06/04/1988,"75/94 Main Road, Ahmedabad, Gujarat",+91-8116516265,M,Raval-Panchal Health Insurance,2025058
Rohit,Patel,03/16/1955,"57/92 Main Road, Chennai, Tamil Nadu",+91-8222574131,M,,2025059
Aanya,Mehta,12/20/1956,"247/81 Main Road, Jaipur, Rajasthan",+91-8668909821,F,Sheth LLC Health Insurance,2025060
Neha,Desai,07/13/1950,"274/36 Main Road, Hyderabad, Telangana",+91-9909817475,M,,2025061
Pooja,Chowdhury,12/23/1972,"918/52 Main Road, Bengaluru, Karnataka",+91-7938833517,M,Andra LLC Health Insurance,2025062
Rahul,Khan,11/28/1970,"949/47 Main Road, Bengaluru, Karnataka",+91-9883648705,F,,2025063
Anaya,Desai,10/17/1950,"391/53 Main Road, Bengaluru, Karnataka",+91-8577077696,M,"Borah, Parmer and Varty Health Insurance",2025064
Rahul,Kulkarni,12/24/1960,"179/92 Main Road, Mumbai, Maharashtra",+91-8803667341,M,Sheth LLC Health Insurance,2025065
Aarav,Jain,05/18/1967,"552/61 Main Road, Jaipur, Rajasthan",+91-7146348289,M,,2025066
Sneha,Pandey,11/04/1997,"833/60 Main Road, Lucknow, Uttar Pradesh",+91-7243310939,F,"Buch, Sane and Mital Health Insurance",2025067
Siddharth,Iyer,01/04/1999,"447/13 Main Road, Ahmedabad, Gujarat",+91-7356993183,M,,2025068
Sneha,Desai,07/13/1974,"487/75 Main Road, Chennai, Tamil Nadu",+91-7738022573,F,Chandra PLC Health Insurance,2025069
Pooja,Sharma,03/27/1957,"482/52 Main Road, Delhi, Delhi",+91-9845007449,M,"Buch, Sane and Mital Health Insurance",2025070
Rohit,Khan,09/24/1956,"995/16 Main Road, Hyderabad, Telangana",+91-8886884338,F,,2025071
Pooja,Bose,11/24/1988,"887/2 Main Road, Ahmedabad, Gujarat",+91-8718652722,M,,2025072
Amit,Verma,09/03/2015,"610/62 Main Road, Hyderabad, Telangana",+91-7288456617,M,Patla-Iyer Health Insurance,2025073
Pooja,Iyer,10/04/2011,"323/81 Main Road, Ahmedabad, Gujarat",+91-7372422962,F,Gala and Sons Health Insurance,2025074
Priya,Iyer,06/02/1996,"542/12 Main Road, Delhi, Delhi",+91-8575275199,M,Aggarwal-Bose Health Insurance,2025075
Pooja,Yadav,04/03/1965,"771/55 Main Road, Hyderabad, Telangana",+91-9658968798,M,Gala and Sons Health Insurance,2025076
Amit,Gupta,03/24/1998,"717/66 Main Road, Lucknow, Uttar Pradesh",+91-9208086284,F,Gupta-Arya Health Insurance,2025077
Neha,Tiwari,03/08/1980,"368/82 Main Road, Ahmedabad, Gujarat",+91-9586207657,M,"Soni, Vohra and Vohra Health Insurance",2025078
Rahul,Singh,04/27/1975,"269/86 Main Road, Chennai, Tamil Nadu",+91-9959876056,F,,2025079
Rohit,Khan,11/28/1973,"950/32 Main Road, Delhi, Delhi",+91-8870367254,F,Chandra PLC Health Insurance,2025080
Sneha,Nair,05/09/1950,"426/19 Main Road, Pune, Maharashtra",+91-9873650509,M,Batra-Mane Health Insurance,2025081
Vihaan,Reddy,07/05/1983,"601/7 Main Road, Bengaluru, Karnataka",+91-7270072723,M,,2025082
Aarav,Singh,01/14/1954,"326/42 Main Road, Hyderabad, Telangana",+91-8861411745,M,"Bhasin, Tripathi and Atwal Health Insurance",2025083
Rohit,Singh,02/20/1992,"702/3 Main Road, Bengaluru, Karnataka",+91-7293236782,M,Bahl Inc Health Insurance,2025084
Pooja,Ghosh,08/19/2005,"290/27 Main Road, Bengaluru, Karnataka",+91-7503198228,F,"Sheth, Gera and Nagi Health Insurance",2025085
Arjun,Ghosh,11/11/2010,"735/10 Main Road, Hyderabad, Telangana",+91-7675894147,M,Basak-Konda Health Insurance,2025086
Aarav,Chowdhury,09/12/2006,"604/12 Main Road, Jaipur, Rajasthan",+91-9213851204,F,"Buch, Sane and Mital Health Insurance",2025087
Vihaan,Iyer,02/21/1956,"165/84 Main Road, Hyderabad, Telangana",+91-9847840988,M,Basak-Konda Health Insurance,2025088
Aarav,Bose,03/15/1980,"682/83 Main Road, Mumbai, Maharashtra",+91-7987185804,F,Pillai Ltd Health Insurance,2025089
Aditya,Desai,10/19/1955,"493/45 Main Road, Mumbai, Maharashtra",+91-7128788273,M,"Ahluwalia, Shan and Dass Health Insurance",2025090
Kiran,Khan,04/04/1970,"304/76 Main Road, Kolkata, West Bengal",+91-7339990098,F,Dhawan Ltd Health Insurance,2025091
Aarav,Jain,09/21/1963,"495/57 Main Road, Ahmedabad, Gujarat",+91-8364538044,F,,2025092
Kiran,Singh,09/07/2015,"665/8 Main Road, Bengaluru, Karnataka",+91-9900448667,M,Setty-Sarna Health Insurance,2025093
Priya,Patel,05/01/1951,"503/87 Main Road, Ahmedabad, Gujarat",+91-7755721440,F,"Banerjee, Chad and Nath Health Insurance",2025094
Aarav,Nair,05/17/2009,"158/28 Main Road, Chennai, Tamil Nadu",+91-8853809072,M,"Banerjee, Chad and Nath Health Insurance",2025095
Isha,Iyer,10/20/1977,"648/16 Main Road, Mumbai, Maharashtra",+91-9484195550,F,,2025096
Kiran,Jain,07/19/1954,"633/34 Main Road, Ahmedabad, Gujarat",+91-8329315118,F,,2025097
Aarav,Gupta,03/29/1982,"341/24 Main Road, Ahmedabad, Gujarat",+91-8581788498,F,Sheth LLC Health Insurance,2025098
Aanya,Chowdhury,05/01/2002,"67/11 Main Road, Lucknow, Uttar Pradesh",+91-9388645742,M,,2025099
Neha,Desai,02/10/1954,"840/24 Main Road, Bengaluru, Karnataka",+91-8700178242,F,Aggarwal-Bose Health Insurance,2025100
Rohit,Gupta,09/15/2000,"825/95 Main Road, Hyderabad, Telangana",+91-8813912997,M,"Banerjee, Chad and Nath Health Insurance",2025101
Amit,Patel,11/12/2002,"174/62 Main Road, Kolkata, West Bengal",+91-9150980612,M,Dutta and Sons Health Insurance,2025102
Arjun,Ghosh,10/28/1986,"984/58 Main Road, Mumbai, Maharashtra",+91-8927845488,F,"Ahluwalia, Shan and Dass Health Insurance",2025103
Anaya,Mehta,09/04/1997,"783/99 Main Road, Jaipur, Rajasthan",+91-7218258845,F,,2025104
Anaya,Kulkarni,05/06/2009,"412/16 Main Road, Bengaluru, Karnataka",+91-9198071501,F,Sant LLC Health Insurance,2025105
Siddharth,Kulkarni,06/23/1994,"26/95 Main Road, Delhi, Delhi",+91-9112121338,M,Dhawan Ltd Health Insurance,2025106
Siddharth,Bose,05/20/1962,"36/91 Main Road, Mumbai, Maharashtra",+91-8346851019,M,Jha Ltd Health Insurance,2025107
Sneha,Ghosh,09/21/1998,"194/94 Main Road, Jaipur, Rajasthan",+91-9532146011,M,"Jain, Peri and Dave Health Insurance",2025108
Isha,Tiwari,10/07/1973,"184/93 Main Road, Delhi, Delhi",+91-7027193831,M,"Borah, Parmer and Varty Health Insurance",2025109
Diya,Bose,11/16/1969,"615/23 Main Road, Hyderabad, Telangana",+91-9699808447,M,Batra-Mane Health Insurance,2025110
Isha,Chowdhury,07/18/1984,"408/58 Main Road, Pune, Maharashtra",+91-7657663976,F,,2025111
Vihaan,Ghosh,08/27/1969,"561/49 Main Road, Chennai, Tamil Nadu",+91-7076301332,F,Naidu-Devi Health Insurance,2025112
Vihaan,Tiwari,02/05/1972,"62/39 Main Road, Mumbai, Maharashtra",+91-7090849406,F,Gupta-Arya Health Insurance,2025113
Pooja,Reddy,08/13/2012,"637/43 Main Road, Chennai, Tamil Nadu",+91-7346905240,F,"Suresh, Bath and Choudhry Health Insurance",2025114
Priya,Singh,12/14/1967,"155/26 Main Road, Mumbai, Maharashtra",+91-7850084031,F,Bhatti Group Health Insurance,2025115
Isha,Iyer,01/26/1989,"101/22 Main Road, Bengaluru, Karnataka",+91-8299296397,F,"Loyal, Parikh and Bajwa Health Insurance",2025116
Isha,Patel,06/16/1994,"804/32 Main Road, Pune, Maharashtra",+91-8754756984,F,,2025117
Rahul,Jain,09/23/1957,"29/11 Main Road, Ahmedabad, Gujarat",+91-8767209512,F,,2025118
Kiran,Khan,01/06/2011,"778/26 Main Road, Mumbai, Maharashtra",+91-8484067256,M,Chahal Ltd Health Insurance,2025119
Sneha,Chowdhury,12/19/2010,"18/89 Main Road, Hyderabad, Telangana",+91-9238659491,F,,2025120
Anaya,Singh,10/18/1967,"531/23 Main Road, Chennai, Tamil Nadu",+91-9587329120,M,,2025121
Neha,Nair,05/15/2003,"817/25 Main Road, Lucknow, Uttar Pradesh",+91-7478535297,F,Bahl Inc Health Insurance,2025122
Vihaan,Iyer,04/12/1965,"572/86 Main Road, Ahmedabad, Gujarat",+91-7318139388,M,Jha Ltd Health Insurance,2025123
Isha,Bose,08/16/1973,"58/14 Main Road, Bengaluru, Karnataka",+91-7998270172,M,Badami Inc Health Insurance,2025124
Siddharth,Pandey,11/21/1972,"567/24 Main Road, Kolkata, West Bengal",+91-9082388583,F,"Chauhan, Kakar and Saxena Health Insurance",2025125
Anaya,Jain,05/26/2009,"630/82 Main Road, Ahmedabad, Gujarat",+91-8582361154,M,"Suresh, Bath and Choudhry Health Insurance",2025126
Isha,Tiwari,05/28/1958,"849/7 Main Road, Jaipur, Rajasthan",+91-9616576751,F,Sant LLC Health Insurance,2025127
Siddharth,Iyer,07/16/1998,"660/90 Main Road, Lucknow, Uttar Pradesh",+91-8772375681,F,Upadhyay-Dalal Health Insurance,2025128
Arjun,Chowdhury,01/07/1979,"954/31 Main Road, Mumbai, Maharashtra",+91-7085384894,F,Naidu-Devi Health Insurance,2025129
Isha,Chowdhury,02/20/1975,"9/73 Main Road, Mumbai, Maharashtra",+91-9803887491,M,,2025130
Vihaan,Verma,11/27/2004,"35/10 Main Road, Kolkata, West Bengal",+91-9513490190,F,Raval-Panchal Health Insurance,2025131
Myra,Khan,03/27/1979,"311/53 Main Road, Ahmedabad, Gujarat",+91-8541020841,F,Nair PLC Health Insurance,2025132
Pooja,Nair,04/06/1975,"392/69 Main Road, Hyderabad, Telangana",+91-7397277788,F,,2025133
Anaya,Singh,08/14/2008,"735/97 Main Road, Chennai, Tamil Nadu",+91-9496988613,M,"Choudhry, Sood and Mall Health Insurance",2025134
Anaya,Pandey,01/17/1973,"241/25 Main Road, Delhi, Delhi",+91-7003575571,F,Dugar Ltd Health Insurance,2025135
Priya,Nair,12/05/1954,"142/83 Main Road, Lucknow, Uttar Pradesh",+91-7572627658,M,,2025136
Priya,Iyer,12/17/2005,"470/8 Main Road, Bengaluru, Karnataka",+91-7093464913,M,Aggarwal-Bose Health Insurance,2025137
Siddharth,Reddy,12/18/1967,"655/22 Main Road, Chennai, Tamil Nadu",+91-7805979980,M,"Sheth, Gera and Nagi Health Insurance",2025138
Sneha,Reddy,03/01/1964,"747/49 Main Road, Hyderabad, Telangana",+91-7941198275,M,"Banerjee, Chad and Nath Health Insurance",2025139
Neha,Singh,11/26/2013,"937/38 Main Road, Mumbai, Maharashtra",+91-7712247464,F,,2025140
Anaya,Tiwari,06/09/1965,"455/69 Main Road, Hyderabad, Telangana",+91-8945538938,M,Batra-Mane Health Insurance,2025141
Rohit,Reddy,01/09/1996,"93/34 Main Road, Chennai, Tamil Nadu",+91-9475321100,F,,2025142
Anaya,Gupta,12/18/1979,"217/35 Main Road, Mumbai, Maharashtra",+91-7191329245,M,Gala and Sons Health Insurance,2025143
Rohit,Tiwari,08/23/2015,"241/85 Main Road, Hyderabad, Telangana",+91-8081565464,M,,2025144
Sneha,Nair,07/27/2013,"847/32 Main Road, Chennai, Tamil Nadu",+91-9168710929,M,Nair PLC Health Insurance,2025145
Diya,Reddy,07/10/1974,"554/33 Main Road, Bengaluru, Karnataka",+91-7163344851,F,Sant LLC Health Insurance,2025146
Diya,Reddy,03/22/2002,"51/41 Main Road, Mumbai, Maharashtra",+91-7064119361,F,,2025147
Rohit,Desai,03/01/1993,"294/16 Main Road, Ahmedabad, Gujarat",+91-9909492714,M,Badami Inc Health Insurance,2025148
Aarav,Khan,08/23/1957,"981/2 Main Road, Jaipur, Rajasthan",+91-8626934607,F,"Suresh, Bath and Choudhry Health Insurance",2025149
Diya,Nair,01/25/1978,"831/43 Main Road, Pune, Maharashtra",+91-9914804762,F,Lad-Sekhon Health Insurance,2025150
Anaya,Khan,04/10/1992,"826/26 Main Road, Delhi, Delhi",+91-9700969131,F,Barman-Vasa Health Insurance,2025151
Myra,Iyer,06/09/1957,"345/98 Main Road, Lucknow, Uttar Pradesh",+91-8977652852,F,Chahal Ltd Health Insurance,2025152
Pooja,Gupta,08/28/1974,"781/6 Main Road, Bengaluru, Karnataka",+91-8860650094,F,,2025153
Anaya,Patel,02/13/1984,"126/67 Main Road, Lucknow, Uttar Pradesh",+91-8554995450,F,Andra LLC Health Insurance,2025154
Anaya,Verma,07/06/2006,"786/49 Main Road, Kolkata, West Bengal",+91-8486365368,F,,2025155
Pooja,Gupta,08/01/2005,"87/80 Main Road, Hyderabad, Telangana",+91-9586175872,M,"Buch, Sane and Mital Health Insurance",2025156
Anaya,Kulkarni,08/24/1999,"237/16 Main Road, Bengaluru, Karnataka",+91-9246610492,M,"Borah, Parmer and Varty Health Insurance",2025157
Vivaan,Khan,03/07/1988,"496/91 Main Road, Pune, Maharashtra",+91-7601545468,M,Basak-Konda Health Insurance,2025158
Amit,Sharma,08/07/1999,"333/56 Main Road, Pune, Maharashtra",+91-9356602617,M,,2025159
Arjun,Nair,12/11/2001,"724/23 Main Road, Kolkata, West Bengal",+91-9919020019,F,Nair PLC Health Insurance,2025160
Diya,Desai,10/14/1986,"401/71 Main Road, Mumbai, Maharashtra",+91-7022548856,F,Chaudhari-Dixit Health Insurance,2025161
Amit,Singh,05/31/1959,"268/65 Main Road, Hyderabad, Telangana",+91-7804392974,F,,2025162
Vihaan,Singh,04/29/1955,"571/17 Main Road, Delhi, Delhi",+91-7887125623,M,,2025163
Amit,Tiwari,06/20/1961,"118/25 Main Road, Kolkata, West Bengal",+91-7675022314,M,Barman-Vasa Health Insurance,2025164
Myra,Khan,08/10/1994,"843/94 Main Road, Jaipur, Rajasthan",+91-7341422739,M,Setty-Sarna Health Insurance,2025165
Siddharth,Reddy,05/14/1982,"771/23 Main Road, Jaipur, Rajasthan",+91-7837967414,F,,2025166
Arjun,Mehta,07/11/2015,"634/29 Main Road, Lucknow, Uttar Pradesh",+91-8689654545,F,Lad-Sekhon Health Insurance,2025167
Amit,Iyer,05/22/1998,"828/83 Main Road, Delhi, Delhi",+91-9621285661,M,"Jain, Peri and Dave Health Insurance",2025168
Kiran,Tiwari,07/07/1952,"772/19 Main Road, Mumbai, Maharashtra",+91-8014184571,M,Basak-Konda Health Insurance,2025169
Isha,Kulkarni,11/04/1995,"737/23 Main Road, Kolkata, West Bengal",+91-9300394398,M,Nair PLC Health Insurance,2025170
Kiran,Desai,01/04/1988,"803/30 Main Road, Mumbai, Maharashtra",+91-8872155492,M,,2025171
Pooja,Mehta,04/19/1991,"273/28 Main Road, Mumbai, Maharashtra",+91-9088721305,F,"Ahluwalia, Shan and Dass Health Insurance",2025172
Sneha,Nair,12/10/1958,"261/97 Main Road, Chennai, Tamil Nadu",+91-7452208646,F,"Bhasin, Tripathi and Atwal Health Insurance",2025173
Amit,Tiwari,11/01/2013,"164/85 Main Road, Lucknow, Uttar Pradesh",+91-8531348651,F,,2025174
Aarav,Singh,07/13/1982,"935/77 Main Road, Mumbai, Maharashtra",+91-7444371154,F,,2025175
Arjun,Verma,05/24/1964,"409/7 Main Road, Delhi, Delhi",+91-9977606652,M,,2025176
Aanya,Jain,10/29/1959,"420/6 Main Road, Ahmedabad, Gujarat",+91-7495970547,M,"Soni, Vohra and Vohra Health Insurance",2025177
Neha,Nair,10/02/2011,"810/32 Main Road, Pune, Maharashtra",+91-8835220996,F,Naidu-Devi Health Insurance,2025178
Myra,Gupta,03/19/1976,"399/40 Main Road, Kolkata, West Bengal",+91-7296289824,F,Gade LLC Health Insurance,2025179
Anaya,Patel,06/18/1990,"137/62 Main Road, Chennai, Tamil Nadu",+91-7357098940,F,Basak-Konda Health Insurance,2025180
Priya,Verma,02/27/2011,"661/59 Main Road, Ahmedabad, Gujarat",+91-8458332892,M,Dhawan Ltd Health Insurance,2025181
Rahul,Iyer,06/06/1988,"158/82 Main Road, Jaipur, Rajasthan",+91-8184104342,M,,2025182
Vihaan,Tiwari,03/21/1952,"494/96 Main Road, Mumbai, Maharashtra",+91-8076100286,F,"Suresh, Bath and Choudhry Health Insurance",2025183
Aanya,Singh,05/06/1994,"552/53 Main Road, Hyderabad, Telangana",+91-8506948272,F,,2025184
Sneha,Jain,07/25/1965,"949/74 Main Road, Bengaluru, Karnataka",+91-9282232267,M,,2025185
Amit,Tiwari,09/06/1985,"138/2 Main Road, Jaipur, Rajasthan",+91-9241808379,M,Gade LLC Health Insurance,2025186
Rahul,Tiwari,12/05/1959,"132/22 Main Road, Kolkata, West Bengal",+91-7478960583,M,Gade LLC Health Insurance,2025187
Rohit,Patel,07/10/1984,"193/33 Main Road, Kolkata, West Bengal",+91-8442101719,M,"Soni, Vohra and Vohra Health Insurance",2025188
Vihaan,Yadav,05/23/1962,"749/7 Main Road, Bengaluru, Karnataka",+91-9708957061,M,Pillai Ltd Health Insurance,2025189
Pooja,Iyer,11/14/1974,"833/95 Main Road, Kolkata, West Bengal",+91-8981297288,M,"Soni, Vohra and Vohra Health Insurance",2025190
Vihaan,Jain,07/19/2011,"859/93 Main Road, Mumbai, Maharashtra",+91-8827768271,F,Aggarwal-Bose Health Insurance,2025191
Diya,Jain,07/22/2004,"666/18 Main Road, Kolkata, West Bengal",+91-7145747717,F,"Shah, Ghose and Sankar Health Insurance",2025192
Aarav,Nair,03/03/1971,"100/70 Main Road, Mumbai, Maharashtra",+91-8872621127,M,Grewal-Rau Health Insurance,2025193
Amit,Ghosh,11/19/1989,"623/59 Main Road, Delhi, Delhi",+91-7722985645,M,Bahl Inc Health Insurance,2025194
Amit,Sharma,10/09/1968,"634/11 Main Road, Bengaluru, Karnataka",+91-9764762821,F,Patil Inc Health Insurance,2025195
Aarav,Tiwari,11/08/1988,"975/21 Main Road, Kolkata, West Bengal",+91-8261209523,F,Pandya-Vig Health Insurance,2025196
Aanya,Ghosh,10/21/2007,"16/45 Main Road, Delhi, Delhi",+91-8145392147,F,"Borah, Parmer and Varty Health Insurance",2025197
Siddharth,Gupta,12/13/2004,"67/84 Main Road, Ahmedabad, Gujarat",+91-9972114045,M,Batra-Mane Health Insurance,2025198
Rahul,Pandey,01/19/1951,"51/49 Main Road, Hyderabad, Telangana",+91-8758585528,M,"Shah, Ghose and Sankar Health Insurance",2025199
Aarav,Reddy,10/28/1998,"177/74 Main Road, Chennai, Tamil Nadu",+91-8435151307,M,"Loyal, Parikh and Bajwa Health Insurance",2025200
Aanya,Pandey,02/12/1975,"633/7 Main Road, Jaipur, Rajasthan",+91-7067505177,M,"Loyal, Parikh and Bajwa Health Insurance",2025201
Priya,Tiwari,12/29/1971,"216/69 Main Road, Delhi, Delhi",+91-8838667647,M,Badami Inc Health Insurance,2025202
Amit,Singh,09/08/1991,"571/7 Main Road, Ahmedabad, Gujarat",+91-9238946484,M,Jha Ltd Health Insurance,2025203
Aanya,Yadav,04/11/1974,"334/5 Main Road, Bengaluru, Karnataka",+91-8430280582,M,"Chauhan, Kakar and Saxena Health Insurance",2025204
Aarav,Chowdhury,12/30/2012,"612/48 Main Road, Lucknow, Uttar Pradesh",+91-9790926547,F,Raval-Panchal Health Insurance,2025205
Neha,Yadav,12/21/1982,"529/65 Main Road, Jaipur, Rajasthan",+91-9847075524,M,Setty-Sarna Health Insurance,2025206
Pooja,Gupta,03/19/1986,"47/35 Main Road, Kolkata, West Bengal",+91-9470067346,M,Chahal Ltd Health Insurance,2025207
Myra,Nair,11/11/1991,"504/55 Main Road, Kolkata, West Bengal",+91-8765133878,M,Aggarwal-Bose Health Insurance,2025208
Kiran,Gupta,02/15/1956,"315/85 Main Road, Bengaluru, Karnataka",+91-7514379388,M,,2025209
Myra,Tiwari,03/28/1996,"797/9 Main Road, Hyderabad, Telangana",+91-9779727262,M,Raval-Panchal Health Insurance,2025210
Vivaan,Jain,02/24/1989,"194/94 Main Road, Lucknow, Uttar Pradesh",+91-8247772953,M,Upadhyay-Dalal Health Insurance,2025211
Arjun,Jain,09/08/1963,"750/45 Main Road, Kolkata, West Bengal",+91-7278432838,M,,2025212
Vivaan,Singh,01/23/1984,"547/86 Main Road, Chennai, Tamil Nadu",+91-8848830567,M,"Shah, Ghose and Sankar Health Insurance",2025213
Amit,Pandey,07/22/1979,"962/35 Main Road, Pune, Maharashtra",+91-7776964900,M,,2025214
Vihaan,Gupta,01/31/1997,"777/70 Main Road, Pune, Maharashtra",+91-8656850300,F,,2025215
Aditya,Kulkarni,12/04/1980,"175/36 Main Road, Lucknow, Uttar Pradesh",+91-9463276727,M,,2025216
Sneha,Pandey,12/30/1972,"387/29 Main Road, Bengaluru, Karnataka",+91-8644208662,F,,2025217
Aditya,Bose,12/07/1959,"216/42 Main Road, Pune, Maharashtra",+91-7503233882,F,,2025218
Amit,Khan,07/16/1979,"958/87 Main Road, Mumbai, Maharashtra",+91-8538093006,F,Dugar Ltd Health Insurance,2025219
Neha,Pandey,10/21/2004,"178/40 Main Road, Chennai, Tamil Nadu",+91-9443376403,M,"Borah, Parmer and Varty Health Insurance",2025220
Pooja,Reddy,03/18/2002,"564/86 Main Road, Kolkata, West Bengal",+91-9745067354,M,"Jain, Peri and Dave Health Insurance",2025221
Isha,Pandey,03/18/1967,"205/68 Main Road, Jaipur, Rajasthan",+91-8586605430,M,,2025222
Vivaan,Gupta,03/09/2015,"980/23 Main Road, Ahmedabad, Gujarat",+91-9937582573,M,"Buch, Sane and Mital Health Insurance",2025223
Sneha,Desai,09/15/1978,"35/30 Main Road, Pune, Maharashtra",+91-9710393444,M,,2025224
Kiran,Verma,02/17/1979,"682/45 Main Road, Ahmedabad, Gujarat",+91-9883627678,F,Bhatti Group Health Insurance,2025225
Myra,Jain,10/06/1994,"520/88 Main Road, Jaipur, Rajasthan",+91-9600329727,F,Barman-Vasa Health Insurance,2025226
Aanya,Sharma,11/14/1974,"115/96 Main Road, Pune, Maharashtra",+91-7905215027,F,"Shah, Ghose and Sankar Health Insurance",2025227
Pooja,Reddy,09/12/1993,"668/42 Main Road, Lucknow, Uttar Pradesh",+91-9251568933,F,,2025228
Sneha,Bose,06/07/1954,"219/76 Main Road, Lucknow, Uttar Pradesh",+91-8049510554,M,Sheth LLC Health Insurance,2025229
Neha,Mehta,12/04/2001,"302/73 Main Road, Ahmedabad, Gujarat",+91-7730486508,M,"Jain, Peri and Dave Health Insurance",2025230
Aditya,Pandey,09/17/1991,"411/21 Main Road, Delhi, Delhi",+91-7741679686,M,"Choudhry, Sood and Mall Health Insurance",2025231
Vihaan,Mehta,01/13/1966,"929/62 Main Road, Delhi, Delhi",+91-9430706775,M,"Buch, Sane and Mital Health Insurance",2025232
Kiran,Nair,11/12/1960,"596/55 Main Road, Kolkata, West Bengal",+91-9497748490,M,,2025233
Isha,Desai,09/10/1992,"134/84 Main Road, Bengaluru, Karnataka",+91-7553386564,M,"Chauhan, Kakar and Saxena Health Insurance",2025234
Rahul,Sharma,09/06/1967,"380/50 Main Road, Bengaluru, Karnataka",+91-9220846933,F,,2025235
Rahul,Chowdhury,02/01/1997,"383/60 Main Road, Delhi, Delhi",+91-7322916318,F,Jha Ltd Health Insurance,2025236
Sneha,Yadav,11/19/1983,"965/80 Main Road, Delhi, Delhi",+91-8337472967,F,Patla-Iyer Health Insurance,2025237
Amit,Gupta,08/01/2006,"55/58 Main Road, Hyderabad, Telangana",+91-8195332255,F,,2025238
Pooja,Tiwari,10/18/2009,"972/73 Main Road, Hyderabad, Telangana",+91-8152299180,M,,2025239
Priya,Jain,09/24/2001,"463/41 Main Road, Chennai, Tamil Nadu",+91-7418677842,M,Pandya-Vig Health Insurance,2025240
Siddharth,Singh,10/28/1959,"368/64 Main Road, Jaipur, Rajasthan",+91-7044499291,M,"Borah, Parmer and Varty Health Insurance",2025241
Rohit,Verma,12/29/1987,"871/32 Main Road, Bengaluru, Karnataka",+91-9256851977,M,,2025242
Aanya,Chowdhury,12/07/1958,"580/43 Main Road, Lucknow, Uttar Pradesh",+91-8994691597,F,,2025243
Pooja,Verma,05/31/1982,"166/9 Main Road, Mumbai, Maharashtra",+91-9971119885,F,Setty-Sarna Health Insurance,2025244
Arjun,Sharma,12/22/2015,"153/8 Main Road, Lucknow, Uttar Pradesh",+91-7544898676,M,Nair PLC Health Insurance,2025245
Diya,Jain,06/25/2003,"607/89 Main Road, Lucknow, Uttar Pradesh",+91-9209855022,M,,2025246
Vivaan,Gupta,02/15/1973,"100/13 Main Road, Jaipur, Rajasthan",+91-8761068802,F,Andra LLC Health Insurance,2025247
Aarav,Yadav,11/21/2004,"96/79 Main Road, Delhi, Delhi",+91-9631463829,M,Patla-Iyer Health Insurance,2025248
Vivaan,Singh,03/16/1997,"921/68 Main Road, Hyderabad, Telangana",+91-8681750365,M,,2025249
Aditya,Ghosh,10/06/2010,"131/49 Main Road, Chennai, Tamil Nadu",+91-7426497214,M,,2025250
Aanya,Bose,05/20/1977,"788/96 Main Road, Lucknow, Uttar Pradesh",+91-9952301349,M,Patil Inc Health Insurance,2025251
Diya,Iyer,05/10/1995,"667/95 Main Road, Jaipur, Rajasthan",+91-7700216231,F,,2025252
Aditya,Jain,01/15/1961,"405/90 Main Road, Hyderabad, Telangana",+91-9721825154,M,Dhawan Ltd Health Insurance,2025253
Amit,Singh,04/10/2003,"17/46 Main Road, Hyderabad, Telangana",+91-7138754418,F,,2025254
Aditya,Mehta,04/29/1968,"934/38 Main Road, Pune, Maharashtra",+91-7444397749,F,"Singh, Khurana and Suri Health Insurance",2025255
Pooja,Khan,01/10/2008,"712/33 Main Road, Ahmedabad, Gujarat",+91-7348931337,F,,2025256
Kiran,Kulkarni,04/10/1971,"839/19 Main Road, Delhi, Delhi",+91-7810418788,M,"Banerjee, Chad and Nath Health Insurance",2025257
Kiran,Bose,04/04/1982,"805/24 Main Road, Bengaluru, Karnataka",+91-7216785179,M,,2025258
Anaya,Bose,12/15/2000,"780/83 Main Road, Ahmedabad, Gujarat",+91-9268568146,M,Chandra PLC Health Insurance,2025259
Amit,Yadav,08/21/1992,"333/73 Main Road, Pune, Maharashtra",+91-7817739069,F,"Shah, Ghose and Sankar Health Insurance",2025260
Myra,Singh,02/27/1955,"42/73 Main Road, Hyderabad, Telangana",+91-7897045862,F,"Bhasin, Tripathi and Atwal Health Insurance",2025261
Sneha,Sharma,01/22/2012,"24/57 Main Road, Pune, Maharashtra",+91-9243221800,F,Gade LLC Health Insurance,2025262
Arjun,Mehta,09/06/1967,"899/86 Main Road, Chennai, Tamil Nadu",+91-7367105232,M,Raval-Panchal Health Insurance,2025263
Sneha,Khan,05/17/1950,"288/70 Main Road, Chennai, Tamil Nadu",+91-7900616904,M,Chandra PLC Health Insurance,2025264
Kiran,Reddy,08/04/2000,"587/84 Main Road, Delhi, Delhi",+91-7425941494,F,Batra-Mane Health Insurance,2025265
Myra,Mehta,06/06/1999,"344/77 Main Road, Bengaluru, Karnataka",+91-8618878225,F,Andra LLC Health Insurance,2025266
Neha,Mehta,09/29/1957,"934/94 Main Road, Bengaluru, Karnataka",+91-9499422409,F,Batra-Mane Health Insurance,2025267
Aanya,Yadav,10/25/2008,"297/27 Main Road, Bengaluru, Karnataka",+91-8739000856,F,"Borah, Parmer and Varty Health Insurance",2025268
Diya,Iyer,06/22/2007,"893/71 Main Road, Lucknow, Uttar Pradesh",+91-7132068719,F,Lad-Sekhon Health Insurance,2025269
Amit,Reddy,11/12/2006,"438/14 Main Road, Mumbai, Maharashtra",+91-9436742872,M,Naidu-Devi Health Insurance,2025270
Pooja,Sharma,05/15/1999,"956/49 Main Road, Delhi, Delhi",+91-8128070401,F,,2025271
Sneha,Ghosh,04/02/1972,"148/15 Main Road, Delhi, Delhi",+91-8131001942,M,Bahl Inc Health Insurance,2025272
Rohit,Bose,02/15/1980,"668/24 Main Road, Lucknow, Uttar Pradesh",+91-7930562954,M,"Shah, Ghose and Sankar Health Insurance",2025273
Isha,Sharma,05/11/1957,"203/70 Main Road, Jaipur, Rajasthan",+91-7336018856,F,"Borah, Parmer and Varty Health Insurance",2025274
Rahul,Yadav,09/06/1991,"14/16 Main Road, Lucknow, Uttar Pradesh",+91-7005488717,F,"Shah, Ghose and Sankar Health Insurance",2025275
Kiran,Patel,11/12/2013,"624/49 Main Road, Bengaluru, Karnataka",+91-7578080420,M,,2025276
Arjun,Kulkarni,02/15/2006,"379/23 Main Road, Ahmedabad, Gujarat",+91-8147592120,F,,2025277
Amit,Kulkarni,01/31/1967,"489/89 Main Road, Chennai, Tamil Nadu",+91-8921156638,F,,2025278
Priya,Ghosh,12/01/1974,"410/64 Main Road, Pune, Maharashtra",+91-8399237187,M,,2025279
Rahul,Chowdhury,07/15/2004,"78/21 Main Road, Hyderabad, Telangana",+91-9076639575,M,Chandra PLC Health Insurance,2025280
Neha,Singh,12/29/2005,"156/19 Main Road, Mumbai, Maharashtra",+91-9740473299,F,Chahal Ltd Health Insurance,2025281
Sneha,Nair,04/22/1970,"804/20 Main Road, Jaipur, Rajasthan",+91-9407098522,F,"Buch, Sane and Mital Health Insurance",2025282
Aarav,Kulkarni,06/03/1960,"729/88 Main Road, Ahmedabad, Gujarat",+91-8044906987,M,Dhawan Ltd Health Insurance,2025283
Rohit,Singh,04/16/1956,"488/6 Main Road, Lucknow, Uttar Pradesh",+91-9906091232,F,"Shah, Chokshi and Dhaliwal Health Insurance",2025284
Diya,Verma,04/10/1959,"637/70 Main Road, Hyderabad, Telangana",+91-7636141380,M,Chahal Ltd Health Insurance,2025285
Amit,Kulkarni,01/01/1968,"303/23 Main Road, Bengaluru, Karnataka",+91-8951859628,M,Lall Inc Health Insurance,2025286
Siddharth,Gupta,07/13/2007,"667/91 Main Road, Mumbai, Maharashtra",+91-9430328087,M,"Chauhan, Kakar and Saxena Health Insurance",2025287
Priya,Kulkarni,10/24/2002,"374/35 Main Road, Mumbai, Maharashtra",+91-7472409460,F,"Buch, Sane and Mital Health Insurance",2025288
Aditya,Desai,11/09/1980,"444/87 Main Road, Delhi, Delhi",+91-9385058161,M,,2025289
Rahul,Khan,06/09/2014,"256/92 Main Road, Pune, Maharashtra",+91-9907152001,F,,2025290
Aanya,Pandey,03/26/1967,"136/40 Main Road, Ahmedabad, Gujarat",+91-7505423186,M,"Banerjee, Chad and Nath Health Insurance",2025291
Siddharth,Pandey,05/21/1954,"19/45 Main Road, Mumbai, Maharashtra",+91-7785128526,F,Aggarwal-Bose Health Insurance,2025292
Anaya,Gupta,01/24/2015,"131/6 Main Road, Mumbai, Maharashtra",+91-7841138794,F,Patil Inc Health Insurance,2025293
Priya,Nair,02/15/1963,"591/57 Main Road, Kolkata, West Bengal",+91-8678136646,F,"Shah, Chokshi and Dhaliwal Health Insurance",2025294
Diya,Chowdhury,07/13/2007,"561/1 Main Road, Mumbai, Maharashtra",+91-9842657514,M,,2025295
Isha,Mehta,04/13/2006,"702/26 Main Road, Delhi, Delhi",+91-9986484082,M,,2025296
Neha,Iyer,05/22/1969,"602/79 Main Road, Bengaluru, Karnataka",+91-9091523000,M,,2025297
Myra,Ghosh,10/19/1992,"742/46 Main Road, Delhi, Delhi",+91-9266264251,M,"Suresh, Bath and Choudhry Health Insurance",2025298
Kiran,Tiwari,11/21/1985,"284/69 Main Road, Chennai, Tamil Nadu",+91-7919152610,F,,2025299
Isha,Verma,07/24/1952,"87/2 Main Road, Chennai, Tamil Nadu",+91-8420496008,F,,2025300
Isha,Singh,03/04/2011,"320/45 Main Road, Chennai, Tamil Nadu",+91-8142622906,M,Pillai Ltd Health Insurance,2025301
Anaya,Pandey,06/29/1996,"643/61 Main Road, Bengaluru, Karnataka",+91-9775730226,F,Chaudhari-Dixit Health Insurance,2025302
Kiran,Iyer,02/06/2003,"831/95 Main Road, Ahmedabad, Gujarat",+91-8770830685,F,Bhatti Group Health Insurance,2025303
Anaya,Mehta,05/07/1976,"421/28 Main Road, Mumbai, Maharashtra",+91-8811220706,F,"Sheth, Gera and Nagi Health Insurance",2025304
Myra,Sharma,07/17/1999,"800/8 Main Road, Kolkata, West Bengal",+91-8086696016,M,Naidu-Devi Health Insurance,2025305
Priya,Iyer,10/22/1975,"55/62 Main Road, Jaipur, Rajasthan",+91-7128385294,F,Chandra PLC Health Insurance,2025306
Siddharth,Kulkarni,11/27/2013,"724/43 Main Road, Hyderabad, Telangana",+91-7719342143,M,,2025307
Kiran,Pandey,07/01/1998,"85/71 Main Road, Ahmedabad, Gujarat",+91-7416312986,M,"Choudhry, Sood and Mall Health Insurance",2025308
Neha,Sharma,12/29/1996,"143/44 Main Road, Chennai, Tamil Nadu",+91-9923425946,M,Grewal-Rau Health Insurance,2025309
Rohit,Kulkarni,02/08/1963,"454/57 Main Road, Ahmedabad, Gujarat",+91-8023139735,M,"Sheth, Gera and Nagi Health Insurance",2025310
Arjun,Tiwari,01/21/2002,"133/80 Main Road, Bengaluru, Karnataka",+91-8098842652,M,"Shah, Chokshi and Dhaliwal Health Insurance",2025311
Rohit,Bose,03/25/2009,"732/30 Main Road, Mumbai, Maharashtra",+91-9137094774,M,Jha Ltd Health Insurance,2025312
Neha,Iyer,12/17/1962,"488/25 Main Road, Delhi, Delhi",+91-9259057792,F,Sheth LLC Health Insurance,2025313
Sneha,Verma,09/08/1989,"48/63 Main Road, Bengaluru, Karnataka",+91-9132178091,M,Naidu-Devi Health Insurance,2025314
Neha,Bose,01/22/1968,"916/41 Main Road, Jaipur, Rajasthan",+91-9917591380,F,,2025315
Diya,Singh,04/19/1994,"894/60 Main Road, Lucknow, Uttar Pradesh",+91-9973749738,F,,2025316
Amit,Desai,05/10/1952,"724/80 Main Road, Jaipur, Rajasthan",+91-7425631984,F,Bhatti Group Health Insurance,2025317
Pooja,Gupta,03/10/1973,"813/28 Main Road, Bengaluru, Karnataka",+91-7097851402,M,Bhatti Group Health Insurance,2025318
Vihaan,Verma,07/09/1957,"870/74 Main Road, Delhi, Delhi",+91-7076450034,M,Sheth LLC Health Insurance,2025319
Pooja,Singh,10/15/1976,"539/65 Main Road, Kolkata, West Bengal",+91-8413983084,M,Basak-Konda Health Insurance,2025320
Arjun,Pandey,01/15/2015,"523/23 Main Road, Pune, Maharashtra",+91-7215298445,F,,2025321
Aanya,Sharma,02/02/2004,"585/56 Main Road, Chennai, Tamil Nadu",+91-9429001110,F,,2025322
Myra,Desai,04/24/2004,"665/28 Main Road, Bengaluru, Karnataka",+91-7803812766,M,Setty-Sarna Health Insurance,2025323
Siddharth,Patel,01/03/1974,"629/51 Main Road, Pune, Maharashtra",+91-8274482431,M,,2025324
Pooja,Ghosh,12/14/1998,"987/73 Main Road, Delhi, Delhi",+91-7494819798,M,"Buch, Sane and Mital Health Insurance",2025325
Myra,Tiwari,05/03/1962,"249/5 Main Road, Mumbai, Maharashtra",+91-8650555711,F,Chandra PLC Health Insurance,2025326
Anaya,Desai,09/25/1966,"404/99 Main Road, Delhi, Delhi",+91-8594189335,M,,2025327
Isha,Jain,01/20/1965,"787/42 Main Road, Hyderabad, Telangana",+91-9961681998,F,"Ahluwalia, Shan and Dass Health Insurance",2025328
Aanya,Desai,10/05/1967,"188/46 Main Road, Mumbai, Maharashtra",+91-9370585047,M,"Buch, Sane and Mital Health Insurance",2025329
Arjun,Ghosh,03/03/1954,"460/30 Main Road, Jaipur, Rajasthan",+91-9506967195,F,,2025330
Kiran,Yadav,04/12/1994,"559/58 Main Road, Chennai, Tamil Nadu",+91-7268386899,F,,2025331
Anaya,Iyer,06/25/1993,"436/20 Main Road, Hyderabad, Telangana",+91-8521177772,M,"Soni, Vohra and Vohra Health Insurance",2025332
Neha,Tiwari,03/02/1980,"43/80 Main Road, Lucknow, Uttar Pradesh",+91-9756071136,M,,2025333
Vivaan,Sharma,09/10/1997,"371/84 Main Road, Ahmedabad, Gujarat",+91-7928477777,F,,2025334
Kiran,Gupta,09/26/1958,"310/95 Main Road, Jaipur, Rajasthan",+91-7365321284,M,"Loyal, Parikh and Bajwa Health Insurance",2025335
Anaya,Patel,12/07/1956,"628/19 Main Road, Hyderabad, Telangana",+91-9096047149,M,Raval-Panchal Health Insurance,2025336
Neha,Pandey,11/13/1982,"676/39 Main Road, Hyderabad, Telangana",+91-7015801046,M,Patil Inc Health Insurance,2025337
Arjun,Gupta,10/04/1955,"806/99 Main Road, Delhi, Delhi",+91-9210542722,M,"Shah, Chokshi and Dhaliwal Health Insurance",2025338
Aanya,Nair,02/25/1981,"491/33 Main Road, Ahmedabad, Gujarat",+91-7078921752,M,"Banerjee, Chad and Nath Health Insurance",2025339
Vivaan,Yadav,06/20/1961,"210/33 Main Road, Kolkata, West Bengal",+91-7467341665,F,"Suresh, Bath and Choudhry Health Insurance",2025340
Arjun,Bose,12/25/1980,"820/28 Main Road, Kolkata, West Bengal",+91-9391839216,M,"Ahluwalia, Shan and Dass Health Insurance",2025341
Aarav,Nair,02/07/1964,"578/39 Main Road, Hyderabad, Telangana",+91-8846381651,F,Sheth LLC Health Insurance,2025342
Vihaan,Ghosh,02/20/1968,"265/58 Main Road, Jaipur, Rajasthan",+91-8246108722,M,Naidu-Devi Health Insurance,2025343
Amit,Desai,04/21/2000,"216/23 Main Road, Mumbai, Maharashtra",+91-7902620877,M,Pandya-Vig Health Insurance,2025344
Diya,Khan,02/09/1957,"22/9 Main Road, Kolkata, West Bengal",+91-9498786534,M,Pandya-Vig Health Insurance,2025345
Vihaan,Singh,01/20/1992,"130/6 Main Road, Lucknow, Uttar Pradesh",+91-8912852436,M,"Buch, Sane and Mital Health Insurance",2025346
Priya,Kulkarni,03/10/2001,"300/71 Main Road, Mumbai, Maharashtra",+91-8732757089,F,Naidu-Devi Health Insurance,2025347
Kiran,Verma,12/27/1968,"202/39 Main Road, Kolkata, West Bengal",+91-8299430888,M,,2025348
Anaya,Nair,06/04/2006,"399/35 Main Road, Pune, Maharashtra",+91-7911305318,M,"Sridhar, Upadhyay and Dewan Health Insurance",2025349
Aditya,Jain,01/16/1994,"802/49 Main Road, Hyderabad, Telangana",+91-7829883551,F,"Sridhar, Upadhyay and Dewan Health Insurance",2025350
Neha,Jain,08/31/2013,"524/15 Main Road, Ahmedabad, Gujarat",+91-7406120521,M,Dutta and Sons Health Insurance,2025351
Amit,Desai,05/26/2008,"497/97 Main Road, Chennai, Tamil Nadu",+91-7188403242,F,Chaudhari-Dixit Health Insurance,2025352
Arjun,Tiwari,03/03/1959,"62/4 Main Road, Kolkata, West Bengal",+91-8573462336,F,,2025353
Neha,Ghosh,01/18/1986,"381/36 Main Road, Bengaluru, Karnataka",+91-7815558312,M,,2025354
Priya,Pandey,06/19/2003,"477/61 Main Road, Mumbai, Maharashtra",+91-7529890548,M,,2025355
Myra,Yadav,04/17/1978,"870/29 Main Road, Jaipur, Rajasthan",+91-9543342243,F,,2025356
Diya,Sharma,05/01/2006,"309/59 Main Road, Delhi, Delhi",+91-9579243586,M,,2025357
Diya,Reddy,01/10/1974,"358/28 Main Road, Lucknow, Uttar Pradesh",+91-7881399895,F,Patla-Iyer Health Insurance,2025358
Kiran,Reddy,10/11/1969,"387/78 Main Road, Pune, Maharashtra",+91-8015866465,F,,2025359
Sneha,Sharma,10/20/1956,"66/45 Main Road, Ahmedabad, Gujarat",+91-8983262167,F,,2025360
Neha,Pandey,03/05/1995,"417/89 Main Road, Lucknow, Uttar Pradesh",+91-8189444676,M,,2025361
Priya,Singh,09/03/1966,"982/12 Main Road, Delhi, Delhi",+91-8592569606,F,Dalal Group Health Insurance,2025362
Pooja,Jain,11/17/1951,"747/48 Main Road, Pune, Maharashtra",+91-9333485327,M,Gala and Sons Health Insurance,2025363
Amit,Pandey,07/30/1986,"12/82 Main Road, Jaipur, Rajasthan",+91-8708655137,M,Grewal-Rau Health Insurance,2025364
Neha,Singh,06/01/2005,"555/10 Main Road, Bengaluru, Karnataka",+91-9926975982,M,Dalal Group Health Insurance,2025365
Sneha,Pandey,07/24/1991,"954/98 Main Road, Kolkata, West Bengal",+91-7201939854,F,Basak-Konda Health Insurance,2025366
Sneha,Sharma,05/13/1958,"523/57 Main Road, Delhi, Delhi",+91-9287241420,M,Bhatti Group Health Insurance,2025367
Aditya,Yadav,01/28/1991,"622/30 Main Road, Chennai, Tamil Nadu",+91-9602174603,F,"Shah, Chokshi and Dhaliwal Health Insurance",2025368
Pooja,Khan,07/19/1966,"689/27 Main Road, Hyderabad, Telangana",+91-9748359157,M,Bhatti Group Health Insurance,2025369
Myra,Reddy,07/29/1958,"344/54 Main Road, Kolkata, West Bengal",+91-8587406116,F,Bahl Inc Health Insurance,2025370
Siddharth,Gupta,01/02/1987,"832/58 Main Road, Lucknow, Uttar Pradesh",+91-9017259338,M,Lad-Sekhon Health Insurance,2025371
Aditya,Bose,07/20/1982,"759/95 Main Road, Mumbai, Maharashtra",+91-7533006054,M,"Bhasin, Tripathi and Atwal Health Insurance",2025372
Amit,Reddy,11/02/2009,"695/61 Main Road, Mumbai, Maharashtra",+91-8548616223,M,,2025373
Pooja,Pandey,02/22/1987,"192/32 Main Road, Mumbai, Maharashtra",+91-8348646383,F,"Soni, Vohra and Vohra Health Insurance",2025374
Anaya,Jain,07/06/1954,"183/29 Main Road, Pune, Maharashtra",+91-9799059727,F,"Shah, Chokshi and Dhaliwal Health Insurance",2025375
Aanya,Yadav,10/07/1984,"307/59 Main Road, Pune, Maharashtra",+91-8483196278,F,"Suresh, Bath and Choudhry Health Insurance",2025376
Myra,Sharma,03/03/1957,"11/64 Main Road, Hyderabad, Telangana",+91-9142562574,F,Barman-Vasa Health Insurance,2025377
Priya,Sharma,08/28/1995,"116/51 Main Road, Kolkata, West Bengal",+91-9357081576,F,Basak-Konda Health Insurance,2025378
Myra,Khan,01/08/2000,"775/45 Main Road, Pune, Maharashtra",+91-8229142107,F,,2025379
Anaya,Ghosh,02/26/1954,"657/17 Main Road, Lucknow, Uttar Pradesh",+91-9434286913,M,,2025380
Amit,Sharma,09/06/1978,"905/60 Main Road, Hyderabad, Telangana",+91-8194728142,M,"Buch, Sane and Mital Health Insurance",2025381
Kiran,Singh,01/06/2007,"797/26 Main Road, Mumbai, Maharashtra",+91-9600795435,F,"Suresh, Bath and Choudhry Health Insurance",2025382
Aanya,Kulkarni,05/26/1964,"446/60 Main Road, Chennai, Tamil Nadu",+91-8410743273,F,,2025383
Priya,Khan,01/10/1997,"347/64 Main Road, Ahmedabad, Gujarat",+91-9341806027,F,Upadhyay-Dalal Health Insurance,2025384
Siddharth,Khan,03/18/2015,"630/32 Main Road, Delhi, Delhi",+91-8980286062,F,,2025385
Aarav,Verma,08/15/2015,"216/60 Main Road, Mumbai, Maharashtra",+91-7062335236,M,,2025386
Amit,Yadav,05/31/1974,"660/64 Main Road, Lucknow, Uttar Pradesh",+91-9013290286,M,"Singh, Khurana and Suri Health Insurance",2025387
Aarav,Patel,05/13/2003,"181/64 Main Road, Chennai, Tamil Nadu",+91-8111145554,F,Dhawan Ltd Health Insurance,2025388
Isha,Ghosh,03/21/1966,"737/35 Main Road, Delhi, Delhi",+91-8849881136,M,Dalal Group Health Insurance,2025389
Aarav,Pandey,01/20/2002,"197/93 Main Road, Hyderabad, Telangana",+91-9791864187,M,Bahl Inc Health Insurance,2025390
Amit,Singh,03/20/1957,"480/11 Main Road, Chennai, Tamil Nadu",+91-9904925937,M,"Borah, Parmer and Varty Health Insurance",2025391
Priya,Sharma,12/09/1966,"720/90 Main Road, Kolkata, West Bengal",+91-8172054162,M,Dhawan Ltd Health Insurance,2025392
Rahul,Chowdhury,04/12/1963,"714/26 Main Road, Delhi, Delhi",+91-8373773568,F,,2025393
Amit,Patel,02/25/1984,"29/19 Main Road, Delhi, Delhi",+91-8949786413,F,Chandra PLC Health Insurance,2025394
Siddharth,Gupta,06/11/1976,"82/81 Main Road, Jaipur, Rajasthan",+91-9709355852,M,,2025395
Isha,Reddy,09/15/1998,"589/51 Main Road, Jaipur, Rajasthan",+91-9074056644,M,"Loyal, Parikh and Bajwa Health Insurance",2025396
Vihaan,Ghosh,09/14/1993,"827/38 Main Road, Pune, Maharashtra",+91-7810833276,M,Chaudhari-Dixit Health Insurance,2025397
Amit,Mehta,12/03/1953,"717/32 Main Road, Mumbai, Maharashtra",+91-8281142091,M,,2025398
Rohit,Chowdhury,03/19/1965,"725/40 Main Road, Ahmedabad, Gujarat",+91-7506432105,M,Batra-Mane Health Insurance,2025399
Kiran,Iyer,03/23/2007,"639/62 Main Road, Kolkata, West Bengal",+91-8526985766,F,,2025400
Vihaan,Yadav,09/03/2003,"945/82 Main Road, Chennai, Tamil Nadu",+91-9487543063,M,Shetty LLC Health Insurance,2025401
Aditya,Patel,12/23/1953,"18/91 Main Road, Chennai, Tamil Nadu",+91-9903695189,F,Gade LLC Health Insurance,2025402
Siddharth,Nair,03/20/1967,"816/20 Main Road, Hyderabad, Telangana",+91-7207514824,M,Dalal Group Health Insurance,2025403
Vivaan,Chowdhury,01/06/1977,"645/97 Main Road, Delhi, Delhi",+91-9626306508,F,Badami Inc Health Insurance,2025404
Pooja,Yadav,10/04/1992,"61/72 Main Road, Delhi, Delhi",+91-9600142073,F,"Banerjee, Chad and Nath Health Insurance",2025405
Aditya,Iyer,05/02/1956,"143/74 Main Road, Lucknow, Uttar Pradesh",+91-7677935001,F,Dalal Group Health Insurance,2025406
Vivaan,Jain,10/04/2005,"229/25 Main Road, Hyderabad, Telangana",+91-9536731650,F,,2025407
Arjun,Ghosh,11/21/2011,"189/77 Main Road, Hyderabad, Telangana",+91-9581668476,M,,2025408
Aditya,Reddy,03/02/1996,"593/5 Main Road, Mumbai, Maharashtra",+91-8900914563,M,Chahal Ltd Health Insurance,2025409
Rohit,Pandey,07/26/1998,"713/34 Main Road, Pune, Maharashtra",+91-8169844414,F,Grewal-Rau Health Insurance,2025410
Amit,Kulkarni,02/10/1981,"904/71 Main Road, Jaipur, Rajasthan",+91-7733178595,F,,2025411
Diya,Ghosh,03/08/2014,"434/69 Main Road, Kolkata, West Bengal",+91-7057617715,F,,2025412
Rohit,Ghosh,12/24/1959,"486/80 Main Road, Bengaluru, Karnataka",+91-9076295393,M,,2025413
Rohit,Pandey,05/28/1987,"345/10 Main Road, Chennai, Tamil Nadu",+91-9761987719,M,Dutta and Sons Health Insurance,2025414
Diya,Singh,06/22/1971,"115/2 Main Road, Lucknow, Uttar Pradesh",+91-8988475757,M,Chahal Ltd Health Insurance,2025415
Vihaan,Jain,08/09/1996,"52/67 Main Road, Jaipur, Rajasthan",+91-7953499918,M,"Suresh, Bath and Choudhry Health Insurance",2025416
Siddharth,Pandey,12/17/1961,"786/18 Main Road, Delhi, Delhi",+91-7058091815,M,Shetty LLC Health Insurance,2025417
Isha,Desai,05/30/1964,"409/15 Main Road, Chennai, Tamil Nadu",+91-8725159403,F,Sheth LLC Health Insurance,2025418
Pooja,Gupta,06/06/1951,"95/44 Main Road, Hyderabad, Telangana",+91-9980245288,F,Lad-Sekhon Health Insurance,2025419
Aanya,Singh,03/28/2010,"735/19 Main Road, Chennai, Tamil Nadu",+91-8662335811,M,,2025420
Aarav,Reddy,03/07/1986,"274/99 Main Road, Jaipur, Rajasthan",+91-9054088723,M,"Shah, Chokshi and Dhaliwal Health Insurance",2025421
Amit,Sharma,09/17/1994,"566/34 Main Road, Mumbai, Maharashtra",+91-7986662733,M,"Singh, Khurana and Suri Health Insurance",2025422
Diya,Khan,11/16/1958,"753/50 Main Road, Delhi, Delhi",+91-9443749503,F,Shetty LLC Health Insurance,2025423
Amit,Iyer,05/17/2012,"485/58 Main Road, Kolkata, West Bengal",+91-8373256382,F,,2025424
Vihaan,Jain,08/22/2002,"244/89 Main Road, Kolkata, West Bengal",+91-8447549567,F,Dhawan Ltd Health Insurance,2025425
Pooja,Iyer,03/08/1950,"631/16 Main Road, Lucknow, Uttar Pradesh",+91-9049704058,F,"Buch, Sane and Mital Health Insurance",2025426
Anaya,Reddy,10/04/2007,"351/61 Main Road, Jaipur, Rajasthan",+91-7209401543,M,Andra LLC Health Insurance,2025427
Aditya,Khan,08/21/2011,"709/1 Main Road, Chennai, Tamil Nadu",+91-9478141447,M,Patil Inc Health Insurance,2025428
Isha,Reddy,03/30/1957,"833/38 Main Road, Pune, Maharashtra",+91-7641702480,M,"Sheth, Gera and Nagi Health Insurance",2025429
Kiran,Patel,11/12/1968,"575/52 Main Road, Ahmedabad, Gujarat",+91-9288848758,F,,2025430
Isha,Mehta,02/28/2001,"331/25 Main Road, Lucknow, Uttar Pradesh",+91-9419122456,M,"Loyal, Parikh and Bajwa Health Insurance",2025431
Arjun,Mehta,09/10/1957,"674/99 Main Road, Ahmedabad, Gujarat",+91-7023127799,F,"Banerjee, Chad and Nath Health Insurance",2025432
Neha,Pandey,08/10/2009,"375/36 Main Road, Jaipur, Rajasthan",+91-9116510737,M,,2025433
Amit,Kulkarni,09/16/1973,"819/85 Main Road, Kolkata, West Bengal",+91-9008224331,F,Grewal-Rau Health Insurance,2025434
Amit,Verma,02/07/1985,"792/24 Main Road, Bengaluru, Karnataka",+91-8020815034,M,Nair PLC Health Insurance,2025435
Kiran,Pandey,11/16/1970,"344/55 Main Road, Delhi, Delhi",+91-7774201630,M,"Ahluwalia, Shan and Dass Health Insurance",2025436
Vihaan,Singh,05/14/2000,"952/23 Main Road, Bengaluru, Karnataka",+91-8016796720,F,Bhatti Group Health Insurance,2025437
Sneha,Sharma,03/18/1981,"266/53 Main Road, Delhi, Delhi",+91-7370101285,F,,2025438
Myra,Ghosh,05/30/2010,"145/82 Main Road, Mumbai, Maharashtra",+91-7354364766,M,,2025439
Vihaan,Yadav,03/29/1970,"901/68 Main Road, Ahmedabad, Gujarat",+91-7217874381,M,Lad-Sekhon Health Insurance,2025440
Vihaan,Sharma,09/17/2011,"791/17 Main Road, Chennai, Tamil Nadu",+91-9898595009,F,,2025441
Aanya,Nair,09/04/1974,"200/94 Main Road, Ahmedabad, Gujarat",+91-7515570907,M,"Suresh, Bath and Choudhry Health Insurance",2025442
Diya,Nair,10/15/1970,"999/28 Main Road, Mumbai, Maharashtra",+91-7289129174,M,"Shah, Ghose and Sankar Health Insurance",2025443
Isha,Ghosh,05/23/1981,"579/49 Main Road, Kolkata, West Bengal",+91-7365474076,F,Barman-Vasa Health Insurance,2025444
Siddharth,Ghosh,10/08/1985,"372/48 Main Road, Bengaluru, Karnataka",+91-8503552613,M,Lad-Sekhon Health Insurance,2025445
Aditya,Chowdhury,08/02/2015,"642/30 Main Road, Bengaluru, Karnataka",+91-7948133716,M,"Singh, Khurana and Suri Health Insurance",2025446
Anaya,Reddy,05/23/1966,"380/55 Main Road, Hyderabad, Telangana",+91-8321676779,F,Aggarwal-Bose Health Insurance,2025447
Siddharth,Verma,10/24/1983,"466/53 Main Road, Pune, Maharashtra",+91-9320086084,M,Lad-Sekhon Health Insurance,2025448
Rahul,Kulkarni,03/09/1988,"689/35 Main Road, Lucknow, Uttar Pradesh",+91-7165628598,M,Pillai Ltd Health Insurance,2025449
Diya,Mehta,08/22/2013,"164/30 Main Road, Kolkata, West Bengal",+91-9756046049,M,Gupta-Arya Health Insurance,2025450
Sneha,Kulkarni,02/29/1968,"974/15 Main Road, Chennai, Tamil Nadu",+91-7548802151,F,"Shah, Chokshi and Dhaliwal Health Insurance",2025451
Isha,Iyer,01/20/2010,"546/44 Main Road, Ahmedabad, Gujarat",+91-8655964096,F,,2025452
Amit,Ghosh,04/01/1992,"72/73 Main Road, Mumbai, Maharashtra",+91-9688175042,M,Aggarwal-Bose Health Insurance,2025453
Rohit,Pandey,04/01/1975,"155/13 Main Road, Delhi, Delhi",+91-9775817707,M,Chaudhari-Dixit Health Insurance,2025454
Aarav,Bose,05/31/1991,"311/49 Main Road, Ahmedabad, Gujarat",+91-7982505255,M,,2025455
Neha,Khan,02/28/1996,"229/53 Main Road, Ahmedabad, Gujarat",+91-9058700997,F,Nair PLC Health Insurance,2025456
Myra,Chowdhury,10/24/1978,"127/54 Main Road, Bengaluru, Karnataka",+91-7097736740,F,,2025457
Rohit,Sharma,11/24/1989,"981/28 Main Road, Hyderabad, Telangana",+91-9413773051,F,Naidu-Devi Health Insurance,2025458
Kiran,Verma,10/10/1978,"426/99 Main Road, Delhi, Delhi",+91-8463343090,F,Sheth LLC Health Insurance,2025459
Anaya,Kulkarni,08/27/1973,"63/3 Main Road, Chennai, Tamil Nadu",+91-9308256706,M,Lad-Sekhon Health Insurance,2025460
Arjun,Verma,12/23/2003,"296/16 Main Road, Chennai, Tamil Nadu",+91-9531731987,F,,2025461
Aarav,Gupta,03/20/1993,"250/75 Main Road, Pune, Maharashtra",+91-9791170700,F,"Loyal, Parikh and Bajwa Health Insurance",2025462
Aditya,Patel,10/19/1981,"833/13 Main Road, Hyderabad, Telangana",+91-7126440438,M,Nair PLC Health Insurance,2025463
Aarav,Gupta,05/25/1996,"503/9 Main Road, Lucknow, Uttar Pradesh",+91-7484158732,F,Shetty LLC Health Insurance,2025464
Arjun,Nair,05/03/1994,"582/3 Main Road, Kolkata, West Bengal",+91-7263055738,F,"Chauhan, Kakar and Saxena Health Insurance",2025465
Aditya,Bose,02/02/1950,"617/24 Main Road, Chennai, Tamil Nadu",+91-7214193464,F,Lad-Sekhon Health Insurance,2025466
Rahul,Bose,02/01/1956,"91/35 Main Road, Pune, Maharashtra",+91-9017119572,M,Basak-Konda Health Insurance,2025467
Pooja,Jain,03/06/1966,"809/26 Main Road, Ahmedabad, Gujarat",+91-8841752604,M,,2025468
Vihaan,Verma,05/29/1961,"922/67 Main Road, Chennai, Tamil Nadu",+91-8332762267,M,"Shah, Chokshi and Dhaliwal Health Insurance",2025469
Aditya,Verma,07/27/1980,"592/61 Main Road, Chennai, Tamil Nadu",+91-8299156703,F,Grewal-Rau Health Insurance,2025470
Anaya,Singh,08/04/1966,"488/89 Main Road, Ahmedabad, Gujarat",+91-9167833959,F,"Buch, Sane and Mital Health Insurance",2025471
Vivaan,Jain,09/02/1974,"769/66 Main Road, Hyderabad, Telangana",+91-9235313600,M,Nair PLC Health Insurance,2025472
Aanya,Singh,11/07/1960,"854/1 Main Road, Delhi, Delhi",+91-7640431456,M,,2025473
Rahul,Singh,01/16/1970,"871/10 Main Road, Kolkata, West Bengal",+91-9738935075,M,Chaudhari-Dixit Health Insurance,2025474
Rohit,Sharma,09/19/1982,"969/8 Main Road, Hyderabad, Telangana",+91-7719961618,F,,2025475
Isha,Patel,01/12/1985,"332/22 Main Road, Pune, Maharashtra",+91-7381046306,F,Dalal Group Health Insurance,2025476
Rahul,Sharma,06/01/1994,"142/60 Main Road, Chennai, Tamil Nadu",+91-7001226874,M,,2025477
Vivaan,Nair,02/05/1953,"880/25 Main Road, Jaipur, Rajasthan",+91-7355827405,M,Gupta-Arya Health Insurance,2025478
Vivaan,Nair,10/14/1984,"367/16 Main Road, Lucknow, Uttar Pradesh",+91-9203867016,F,Dhawan Ltd Health Insurance,2025479
Aditya,Pandey,07/04/1955,"34/98 Main Road, Mumbai, Maharashtra",+91-7616586429,M,Naidu-Devi Health Insurance,2025480
Myra,Jain,10/21/2005,"768/52 Main Road, Hyderabad, Telangana",+91-9259950531,M,Gupta-Arya Health Insurance,2025481
Aarav,Singh,12/27/2009,"746/85 Main Road, Kolkata, West Bengal",+91-7648755988,M,"Banerjee, Chad and Nath Health Insurance",2025482
Kiran,Khan,07/04/1985,"35/10 Main Road, Chennai, Tamil Nadu",+91-9475722504,M,Naidu-Devi Health Insurance,2025483
Diya,Tiwari,04/01/1961,"670/81 Main Road, Jaipur, Rajasthan",+91-9055842608,F,Badami Inc Health Insurance,2025484
Pooja,Singh,02/10/1966,"939/90 Main Road, Hyderabad, Telangana",+91-8163417351,F,Barman-Vasa Health Insurance,2025485
Amit,Nair,07/03/2004,"832/22 Main Road, Ahmedabad, Gujarat",+91-9006144887,F,"Sridhar, Upadhyay and Dewan Health Insurance",2025486
Aanya,Sharma,04/03/1985,"688/83 Main Road, Chennai, Tamil Nadu",+91-8736710177,F,,2025487
Aanya,Sharma,11/22/2009,"461/69 Main Road, Jaipur, Rajasthan",+91-8380491876,F,,2025488
Isha,Jain,09/28/1995,"978/29 Main Road, Ahmedabad, Gujarat",+91-8602906399,M,,2025489
Aarav,Reddy,12/10/2004,"247/53 Main Road, Pune, Maharashtra",+91-9225159868,F,Nair PLC Health Insurance,2025490
Isha,Gupta,09/24/1995,"281/80 Main Road, Mumbai, Maharashtra",+91-7906179110,F,,2025491
Priya,Chowdhury,07/15/2002,"444/22 Main Road, Delhi, Delhi",+91-9144992900,F,Bhatti Group Health Insurance,2025492
Neha,Patel,03/24/1984,"683/7 Main Road, Delhi, Delhi",+91-9102942753,M,Patil Inc Health Insurance,2025493
Priya,Mehta,01/23/1995,"786/95 Main Road, Bengaluru, Karnataka",+91-7302762286,M,"Singh, Khurana and Suri Health Insurance",2025494
Pooja,Jain,02/26/1999,"960/44 Main Road, Jaipur, Rajasthan",+91-7175229938,F,,2025495
Aanya,Chowdhury,08/20/1982,"80/69 Main Road, Pune, Maharashtra",+91-7719131836,F,,2025496
Aarav,Pandey,01/29/1985,"983/10 Main Road, Pune, Maharashtra",+91-7221025347,F,"Loyal, Parikh and Bajwa Health Insurance",2025497
Neha,Gupta,11/28/2008,"460/23 Main Road, Bengaluru, Karnataka",+91-7482189845,F,Gala and Sons Health Insurance,2025498
Kiran,Khan,11/23/1985,"776/91 Main Road, Jaipur, Rajasthan",+91-8512989231,F,,2025499
Aarav,Ghosh,09/06/1998,"868/82 Main Road, Delhi, Delhi",+91-7639070768,F,"Sridhar, Upadhyay and Dewan Health Insurance",2025500
